k1,k2,E_Ts_x1,E_Tr_x1,E_OS_x1,E_Osc_x1,E_Ts_x2,E_Tr_x2,E_OS_x2,E_Osc_x2,E_Up,E_Ui,J,ProbabilityWeight-k1,ProbabilityWeight,ProbabilityWeight-k2,PointProbability,prefix
0.001,0.001,19.987893947,1.50265132566,1.84677917816,6.42,19.995897949,1.50095047524,1.84768544283,6.33,0.00261406684509,0.0333968748516,10.9383553072,0.025195,0.0006421575625,0.0254875,0.1,1
0.001,0.10095,19.8538269135,1.59809904952,1.67685884907,6.31,19.8577288644,1.66983491746,1.69274181884,6.36,0.185551033022,1.58846785755,12.6226569201,0.025195,0.001259120125,0.049975,0.1,2
0.001,0.2009,19.6285142571,1.85282641321,1.41431491883,6.21,19.6458229115,1.55177588794,1.44356676667,6.18,0.350128941694,2.12319696062,13.1306081142,0.025195,0.001259120125,0.049975,0.1,3
0.001,0.30085,19.31985993,1.71495747874,1.29028620353,6.02,19.3836918459,1.67693846923,1.28865065648,5.89,0.546587286916,2.4819994115,13.4608170974,0.025195,0.001259120125,0.049975,0.1,4
0.001,0.4008,17.2821410705,1.79419709855,1.13411480703,5.2,17.4127063532,1.38769384692,1.214560449,5.32,0.712316748959,2.61219696137,12.7205130935,0.025195,0.001259120125,0.049975,0.1,5
0.001,0.50075,13.5589794897,1.98729364682,0.919148125769,3.93,13.472036018,1.39169584792,1.02643662389,4.02,0.848102224569,2.5510961985,11.0296660052,0.025195,0.001259120125,0.049975,0.1,6
0.001,0.6007,10.9944972486,1.68944472236,0.777514146459,3.11,11.1943971986,1.39669834917,0.87393529931,3.31,0.960468541421,2.47193793438,9.80560823771,0.025195,0.001259120125,0.049975,0.1,7
0.001,0.70065,9.51125562781,2.06703351676,0.620984666667,2.57,9.29554777389,1.31035517759,0.837111582637,2.66,1.09253694408,2.47639213932,9.22291774982,0.025195,0.001259120125,0.049975,0.1,8
0.001,0.8006,8.28174087044,1.67043521761,0.598579687221,2.22,8.22991495748,1.47743871936,0.663078766192,2.3,1.29316043904,2.47361743488,8.78150727287,0.025195,0.001259120125,0.049975,0.1,9
0.001,0.90055,7.41570785393,2.07513756878,0.502463035202,1.86,7.26463231616,1.37268634317,0.656043055092,1.95,1.45271174932,2.55050388822,8.67126175453,0.025195,0.001259120125,0.049975,0.1,10
0.001,1.0005,6.56698349175,2.09274637319,0.429092670675,1.56,6.51525762881,1.47293646823,0.573532707754,1.65,1.61113749716,2.56445770805,8.478183798,0.025195,0.001259120125,0.049975,0.1,11
0.001,1.10045,5.9611805903,2.24982491246,0.365366138218,1.23,6.25662831416,1.25442721361,0.60141208441,1.62,1.86461512446,2.73923332101,8.67641959327,0.025195,0.001259120125,0.049975,0.1,12
0.001,1.2004,5.52476238119,2.25212606303,0.286811042253,1.11,5.58009004502,1.37488744372,0.478887196275,1.37,1.86459946107,2.5603065242,8.23707476316,0.025195,0.001259120125,0.049975,0.1,13
0.001,1.30035,5.08284142071,2.19829914957,0.249695570571,0.98,4.92046023012,1.51665832916,0.397816651968,1.11,2.08347758493,2.56242808915,8.20753245023,0.025195,0.001259120125,0.049975,0.1,14
0.001,1.4003,5.0352176088,2.61300650325,0.152071177602,0.87,4.45382691346,1.21910955478,0.472020028359,0.93,2.03436827577,2.70111209078,8.2051456303,0.025195,0.001259120125,0.049975,0.1,15
0.001,1.50025,4.32366183092,2.85222611306,0.16748867656,0.57,4.33606803402,1.51475737869,0.429536756817,0.77,2.36312290453,2.90300978529,8.70607310814,0.025195,0.001259120125,0.049975,0.1,16
0.001,1.6002,4.05302651326,2.48904452226,0.207472524421,0.47,4.31065532766,1.6328164082,0.331406179948,0.73,2.668989029,2.9269805356,8.86968694467,0.025195,0.001259120125,0.049975,0.1,17
0.001,1.70015,4.08444222111,3.14007003502,0.121865444425,0.28,4.37938969485,1.54107053527,0.342775686168,0.78,2.44529450135,2.78516344537,8.6813032642,0.025195,0.001259120125,0.049975,0.1,18
0.001,1.8001,4.19609804902,3.47073536768,0.0975168796219,0.27,4.30275137569,1.68594297149,0.299268048375,0.68,2.77548880556,2.91594797491,9.28237260022,0.025195,0.001259120125,0.049975,0.1,19
0.001,1.90005,4.34317158579,3.71745872936,0.0476257248861,0.19,4.25862931466,1.88374187094,0.287177684015,0.58,2.71492189448,3.01255058134,9.45783114413,0.025195,0.001259120125,0.049975,0.1,20
0.001,2.0,4.8172086043,3.93246623312,0.0810726325573,0.23,4.52036018009,1.55417708854,0.301628382568,0.69,2.77615182629,3.09385478826,9.7328459632,0.025195,0.0006295600625,0.0249875,0.1,21
0.25095,0.001,19.9897948974,1.47783891946,1.87712399561,7.12,20.0,1.37378689345,2.0995547167,7.07,0.471431086508,5.9628068575,17.4684470008,0.04999,0.001274120125,0.0254875,0.1,22
0.25095,0.10095,19.9757878939,1.31545772886,1.63028056353,7.12,19.9937968984,1.34317158579,1.81805570907,7.03,0.479794259183,4.05522031526,15.3656869111,0.04999,0.00249825025,0.049975,0.1,23
0.25095,0.2009,19.8168084042,1.29754877439,1.37041331492,6.97,19.835917959,1.37618809405,1.52936191321,6.95,0.534298833135,3.20090943123,14.3527121976,0.04999,0.00249825025,0.049975,0.1,24
0.25095,0.30085,19.336068034,1.52546273137,1.20337410499,6.71,19.5049524762,1.3667833917,1.37885356717,6.78,0.655577146165,2.92379302164,13.9949055366,0.04999,0.00249825025,0.049975,0.1,25
0.25095,0.4008,17.3502751376,1.86513256628,1.13507739202,5.82,17.9427713857,1.32366183092,1.39422922542,6.17,0.874043965289,3.05749342645,13.6077125088,0.04999,0.00249825025,0.049975,0.1,26
0.25095,0.50075,13.2034017009,1.83061530765,0.908212937017,4.36,13.6498249125,1.32616308154,1.10240309953,4.61,0.909308244224,2.63414191238,11.1590089515,0.04999,0.00249825025,0.049975,0.1,27
0.25095,0.6007,10.7267633817,1.69454727364,0.786205580082,3.49,10.9837918959,1.34617308654,0.926073014942,3.61,0.999805667598,2.4972400951,9.82695376653,0.04999,0.00249825025,0.049975,0.1,28
0.25095,0.70065,9.32786393197,1.54477238619,0.738003286079,2.95,9.57648824412,1.47663831916,0.90086213352,3.04,1.21246581554,2.65847364145,9.52943237966,0.04999,0.00249825025,0.049975,0.1,29
0.25095,0.8006,8.03061530765,1.8068034017,0.579922623111,2.41,8.18569284642,1.21510755378,0.824989230051,2.6,1.28300561713,2.44707522838,8.71725870683,0.04999,0.00249825025,0.049975,0.1,30
0.25095,0.90055,7.30405202601,1.72216108054,0.590566195354,2.18,7.58809404702,1.37498749375,0.752263901705,2.34,1.48246880653,2.59799982174,8.77468053292,0.04999,0.00249825025,0.049975,0.1,31
0.25095,1.0005,6.46473236618,1.60790395198,0.492730344879,1.85,6.72886443222,1.26013006503,0.649851147378,2.03,1.60290916846,2.51023751122,8.29198428988,0.04999,0.00249825025,0.049975,0.1,32
0.25095,1.10045,6.15487743872,1.96888444222,0.393252956896,1.62,6.17218609305,1.09384692346,0.730433011543,1.83,1.91617147352,2.71026886836,8.65906961096,0.04999,0.00249825025,0.049975,0.1,33
0.25095,1.2004,5.18979489745,2.05652826413,0.327504454834,1.19,5.61020510255,1.13816908454,0.582871995351,1.62,1.8513984365,2.49003409694,8.01007960836,0.04999,0.00249825025,0.049975,0.1,34
0.25095,1.30035,5.06593296648,1.94567283642,0.275431770729,1.18,5.30415207604,1.28004002001,0.546628240708,1.47,2.0249336818,2.54126283014,8.12481229596,0.04999,0.00249825025,0.049975,0.1,35
0.25095,1.4003,4.68224112056,2.00370185093,0.239102788639,1.02,4.88484242121,1.29264632316,0.489414325432,1.33,2.05153010761,2.43327416094,7.85990221088,0.04999,0.00249825025,0.049975,0.1,36
0.25095,1.50025,4.49474737369,2.12886443222,0.213255996259,0.92,4.4364182091,1.40330165083,0.455170591697,1.1,2.3429901113,2.61854980614,8.24765299071,0.04999,0.00249825025,0.049975,0.1,37
0.25095,1.6002,4.16378189095,2.35157578789,0.190999050541,0.79,3.99289644822,1.28954477239,0.426071333568,0.87,2.46308355229,2.57946076912,8.16954674638,0.04999,0.00249825025,0.049975,0.1,38
0.25095,1.70015,3.68234117059,2.64392196098,0.17587302451,0.47,4.04412206103,1.18849424712,0.437041279717,0.86,2.84907495346,2.74945933044,8.67683526796,0.04999,0.00249825025,0.049975,0.1,39
0.25095,1.8001,3.5707853927,2.61420710355,0.111875169134,0.36,3.92656328164,1.40830415208,0.391840969857,0.77,2.74937070559,2.7802729004,8.58280253774,0.04999,0.00249825025,0.049975,0.1,40
0.25095,1.90005,3.57508754377,2.67723861931,0.0942159953363,0.33,3.78669334667,1.50365182591,0.317866819123,0.68,2.98040010113,2.70884257946,8.7359420184,0.04999,0.00249825025,0.049975,0.1,41
0.25095,2.0,3.71915957979,3.04692346173,0.0830582903462,0.23,3.95907953977,1.59819909955,0.339813771177,0.65,3.2800645311,2.954873751,9.49237061618,0.04999,0.001249125125,0.0249875,0.1,42
0.5009,0.001,19.9977988994,1.50085042521,1.71729254382,7.72,19.9995997999,1.30285142571,2.10399404954,7.85,0.860786242281,10.9301979819,22.8780452038,0.04999,0.001274120125,0.0254875,0.1,43
0.5009,0.10095,19.9858929465,1.35627813907,1.46760795602,7.72,19.979989995,1.2248124062,1.80810195741,7.8,0.812754030445,6.85796403839,18.5370318044,0.04999,0.00249825025,0.049975,0.1,44
0.5009,0.2009,19.8037018509,1.17988994497,1.31160277129,7.63,19.8529264632,1.34277138569,1.60579349798,7.64,0.830067599553,4.9889808065,16.495225631,0.04999,0.00249825025,0.049975,0.1,45
0.5009,0.30085,18.9186593297,1.50585292646,1.17132803737,7.12,19.2127063532,1.21630815408,1.49395617168,7.42,0.919707574916,4.12806937491,15.366219704,0.04999,0.00249825025,0.049975,0.1,46
0.5009,0.4008,16.3147573787,1.38869434717,1.04135036216,6.14,17.1580790395,1.31125562781,1.29430828519,6.49,0.954151266335,3.44035692382,13.5445119222,0.04999,0.00249825025,0.049975,0.1,47
0.5009,0.50075,12.6156078039,1.72136068034,0.824025729776,4.59,13.411805903,1.179989995,1.13812356051,5.01,1.03053543065,2.9491018782,11.381235803,0.04999,0.00249825025,0.049975,0.1,48
0.5009,0.6007,10.7127563782,1.53116558279,0.800711758978,3.79,11.527863932,1.21470735368,1.10415953944,4.22,1.20832450943,2.98035691054,10.6444681316,0.04999,0.00249825025,0.049975,0.1,49
0.5009,0.70065,9.35027513757,1.58589294647,0.694269588319,3.25,9.85982991496,1.39209604802,1.01201783628,3.56,1.3246597567,2.81374484167,9.92350661703,0.04999,0.00249825025,0.049975,0.1,50
0.5009,0.8006,8.33946973487,1.68244122061,0.630289500636,2.77,8.88694347174,1.23151575788,0.976871246899,3.18,1.5590782709,2.92101892593,9.75618132555,0.04999,0.00249825025,0.049975,0.1,51
0.5009,0.90055,7.11925962981,1.45872936468,0.592825571381,2.35,7.53106553277,1.23691845923,0.878157068266,2.59,1.59909913744,2.72911536038,8.90457446488,0.04999,0.00249825025,0.049975,0.1,52
0.5009,1.0005,6.29324662331,1.6008004002,0.464732364876,1.96,6.76088044022,1.27863931966,0.743804090804,2.26,1.66377502849,2.57591040633,8.43707358602,0.04999,0.00249825025,0.049975,0.1,53
0.5009,1.10045,5.98869434717,1.67333666833,0.397963853533,1.81,6.32426213107,1.11205602801,0.762405249902,2.13,1.8590119865,2.65341510094,8.49665181413,0.04999,0.00249825025,0.049975,0.1,54
0.5009,1.2004,5.32716358179,1.72646323162,0.349672566307,1.57,5.38909454727,1.10285142571,0.656594271839,1.68,1.95255725959,2.52239340299,8.0628738837,0.04999,0.00249825025,0.049975,0.1,55
0.5009,1.30035,4.72156078039,1.78169084542,0.296559577691,1.22,5.22111055528,1.16068034017,0.62231873791,1.63,2.11127835151,2.53409191508,8.06364527705,0.04999,0.00249825025,0.049975,0.1,56
0.5009,1.4003,4.59979989995,1.76268134067,0.28336501127,1.17,4.91825912956,1.27683841921,0.598990857183,1.46,2.26196459521,2.64694662683,8.24859294065,0.04999,0.00249825025,0.049975,0.1,57
0.5009,1.50025,4.37548774387,1.84042021011,0.222692477862,1.06,4.65312656328,1.33006503252,0.528252494992,1.33,2.30664475347,2.52209227659,8.06287070275,0.04999,0.00249825025,0.049975,0.1,58
0.5009,1.6002,4.04702351176,1.87793896948,0.199472229973,0.93,4.31375687844,1.08554277139,0.508415095429,1.27,2.38644585358,2.47520996244,7.8678417416,0.04999,0.00249825025,0.049975,0.1,59
0.5009,1.70015,3.9915957979,2.30595297649,0.159225330583,0.84,3.82511255628,1.28094047024,0.548308511616,0.99,2.71854451565,2.62287716458,8.41804719129,0.04999,0.00249825025,0.049975,0.1,60
0.5009,1.8001,3.45872936468,2.11925962981,0.135221030455,0.61,3.51815907954,1.27943971986,0.439275845189,0.78,2.64993971124,2.4524279087,7.88119238783,0.04999,0.00249825025,0.049975,0.1,61
0.5009,1.90005,3.09204602301,2.27813906953,0.118376178194,0.35,3.51015507754,1.43671835918,0.394599993401,0.71,2.81079921204,2.57431647833,8.1536242245,0.04999,0.00249825025,0.049975,0.1,62
0.5009,2.0,3.26043021511,2.46393196598,0.0967899101883,0.31,3.65952976488,1.25292646323,0.433022961034,0.79,3.30434458804,2.8319562754,8.9763142716,0.04999,0.001249125125,0.0249875,0.1,63
0.75085,0.001,19.9971985993,1.03301650825,1.66704545498,8.5,19.9990995498,1.29614807404,2.20553062833,8.35,1.25230856007,15.7980392571,28.0902935081,0.04999,0.001274120125,0.0254875,0.1,64
0.75085,0.10095,19.9945972986,1.27723861931,1.51194137016,8.37,19.9989994997,1.06023011506,2.02423052375,8.51,1.23870377208,10.4117299999,22.6108138884,0.04999,0.00249825025,0.049975,0.1,65
0.75085,0.2009,19.8173086543,1.21110555278,1.30776483881,8.27,19.9192596298,1.17748874437,1.74683268048,8.34,1.18828238488,7.11509291453,19.0882287428,0.04999,0.00249825025,0.049975,0.1,66
0.75085,0.30085,19.291945973,1.33446723362,1.10034180283,7.94,19.5955977989,1.1803901951,1.50522059192,8.19,1.15508305042,5.145438749,16.8084761928,0.04999,0.00249825025,0.049975,0.1,67
0.75085,0.4008,15.955877939,1.24062031016,0.99807944867,6.5,17.1866933467,1.1683841921,1.3252357793,7.01,1.16261179235,4.21374237528,14.4279295017,0.04999,0.00249825025,0.049975,0.1,68
0.75085,0.50075,12.4877438719,1.29764882441,0.860000097174,4.98,13.5669834917,1.24572286143,1.18446772064,5.46,1.21033722023,3.556872477,12.1401396094,0.04999,0.00249825025,0.049975,0.1,69
0.75085,0.6007,10.5894947474,1.41820910455,0.819675767167,4.11,11.5183591796,1.09704852426,1.20617174834,4.61,1.44164343699,3.50382718889,11.3826917305,0.04999,0.00249825025,0.049975,0.1,70
0.75085,0.70065,8.97498749375,1.37298649325,0.692882974611,3.41,9.75687843922,1.18899449725,1.02582132979,3.82,1.42712815803,3.10430985789,10.1176347883,0.04999,0.00249825025,0.049975,0.1,71
0.75085,0.8006,7.9875937969,1.4316158079,0.699147878683,3.03,8.70865432716,1.05572786393,0.979217340053,3.38,1.60596543905,3.05951830137,9.74651615028,0.04999,0.00249825025,0.049975,0.1,72
0.75085,0.90055,6.86603301651,1.38189094547,0.567609876343,2.48,7.5619809905,1.27993996998,0.813491050821,2.84,1.55925019577,2.72727040086,8.81390637087,0.04999,0.00249825025,0.049975,0.1,73
0.75085,1.0005,6.14997498749,1.58049024512,0.447240953922,2.05,6.80100050025,0.991295647824,0.893167996051,2.55,1.84557289252,2.74624140833,8.72821975405,0.04999,0.00249825025,0.049975,0.1,74
0.75085,1.10045,5.62611305653,1.47813906953,0.482219454382,1.94,6.1779889945,1.14277138569,0.730282390833,2.21,1.90017321099,2.6975165854,8.45450325554,0.04999,0.00249825025,0.049975,0.1,75
0.75085,1.2004,5.38459229615,1.70385192596,0.363094288886,1.69,5.79779889945,1.07603801901,0.777885358212,2.08,2.17030129316,2.753851628,8.66250605371,0.04999,0.00249825025,0.049975,0.1,76
0.75085,1.30035,4.68664332166,1.45452726363,0.34536561853,1.47,5.06223111556,1.23011505753,0.565588489342,1.66,1.93748874797,2.47899825035,7.72965041722,0.04999,0.00249825025,0.049975,0.1,77
0.75085,1.4003,4.32436218109,1.5627813907,0.295533181294,1.24,4.85122561281,1.15937968984,0.565149557399,1.59,2.12412565577,2.46551353947,7.76500677323,0.04999,0.00249825025,0.049975,0.1,78
0.75085,1.50025,4.16698349175,1.72006003002,0.244098124562,1.1,4.60610305153,1.07803901951,0.577954687133,1.51,2.33013027682,2.50902332228,7.93275302462,0.04999,0.00249825025,0.049975,0.1,79
0.75085,1.6002,3.95077538769,1.6044022011,0.245675598894,1.04,4.35477738869,1.09744872436,0.555867468305,1.38,2.69435159756,2.6074501265,8.25006886744,0.04999,0.00249825025,0.049975,0.1,80
0.75085,1.70015,3.89624812406,1.8108054027,0.1908003681,0.99,4.13066533267,1.25952976488,0.521538773282,1.28,2.55259395676,2.50858553208,8.042707406,0.04999,0.00249825025,0.049975,0.1,81
0.75085,1.8001,3.6180090045,1.90875437719,0.164213616287,0.85,3.71925962981,1.14967483742,0.484807808209,1.07,2.84242850455,2.51973082017,8.15903712027,0.04999,0.00249825025,0.049975,0.1,82
0.75085,1.90005,3.32526263132,1.98819409705,0.149465481796,0.66,3.46903451726,1.08074037019,0.460211502446,0.92,3.12391766138,2.57206718289,8.35178013733,0.04999,0.00249825025,0.049975,0.1,83
0.75085,2.0,3.00650325163,2.0140070035,0.118624386863,0.49,3.29294647324,1.38509254627,0.435046948867,0.72,3.16562267095,2.69414625521,8.4841868114,0.04999,0.001249125125,0.0249875,0.1,84
1.0008,0.001,19.9995997999,1.29814907454,1.55210834534,9.0,20.0,1.36368184092,2.19524251785,9.0,1.55412965517,19.6976173933,32.4603970807,0.04999,0.001274120125,0.0254875,0.1,85
1.0008,0.10095,19.7963981991,1.38249124562,1.35065143893,8.9,19.7996998499,1.20010005003,1.93632001393,8.91,1.46268663684,12.2785679887,24.7130808637,0.04999,0.00249825025,0.049975,0.1,86
1.0008,0.2009,19.832116058,1.32456228114,1.2259084293,8.86,19.9427713857,1.31925962981,1.74527076822,8.92,1.44752869675,8.60399621435,20.9982634772,0.04999,0.00249825025,0.049975,0.1,87
1.0008,0.30085,19.4548274137,1.47183591796,1.20775972853,8.59,19.7501750875,1.12976488244,1.77035349462,8.76,1.60636587209,7.18896643514,19.5826767647,0.04999,0.00249825025,0.049975,0.1,88
1.0008,0.4008,15.8250125063,1.29304652326,0.989045882978,6.87,17.3810905453,1.08024012006,1.48234869191,7.64,1.49380170865,5.27238109061,15.9325014472,0.04999,0.00249825025,0.049975,0.1,89
1.0008,0.50075,12.9954977489,1.27873936968,0.974426593554,5.6,14.3816908454,1.24002001001,1.38700911864,6.21,1.59174741254,4.71883499774,14.1244270555,0.04999,0.00249825025,0.049975,0.1,90
1.0008,0.6007,10.4020010005,1.29694847424,0.820343466329,4.36,11.5762881441,1.09514757379,1.25225574527,4.95,1.61465327106,4.03099915527,12.0729792536,0.04999,0.00249825025,0.049975,0.1,91
1.0008,0.70065,9.14307153577,1.43051525763,0.752379901065,3.75,10.1310655328,1.03951975988,1.2151063844,4.31,1.77878102331,3.79857779717,11.3674028114,0.04999,0.00249825025,0.049975,0.1,92
1.0008,0.8006,8.0116058029,1.42061030515,0.668280212516,3.19,8.79339669835,1.00590295148,1.1347263348,3.67,1.88921749413,3.53634806169,10.5738477528,0.04999,0.00249825025,0.049975,0.1,93
1.0008,0.90055,7.02071035518,1.38049024512,0.611889431933,2.74,7.77928964482,1.02141070535,1.00746176068,3.17,1.95710250203,3.29722923962,9.87441857457,0.04999,0.00249825025,0.049975,0.1,94
1.0008,1.0005,6.20630315158,1.25692846423,0.525049563721,2.42,6.87883941971,1.0364182091,0.853416987785,2.76,1.82338224521,2.8794938421,8.82743166902,0.04999,0.00249825025,0.049975,0.1,95
1.0008,1.10045,5.72776388194,1.46563281641,0.483006113512,2.09,6.32616308154,1.04122061031,0.900035810717,2.48,2.21786270486,3.08655477153,9.24811962059,0.04999,0.00249825025,0.049975,0.1,96
1.0008,1.2004,5.00910455228,1.49504752376,0.39416378681,1.78,5.53436718359,1.05662831416,0.694463320361,2.1,1.97180952605,2.61312438806,8.11480518918,0.04999,0.00249825025,0.049975,0.1,97
1.0008,1.30035,4.8284142071,1.47943971986,0.360909411687,1.62,5.30825412706,1.08514257129,0.787457232242,2.02,2.45853592827,2.84756208805,8.75538410785,0.04999,0.00249825025,0.049975,0.1,98
1.0008,1.4003,4.21130565283,1.49304652326,0.302370163843,1.34,4.66403201601,1.08404202101,0.681976696881,1.66,2.27581365342,2.55220979222,7.93897644011,0.04999,0.00249825025,0.049975,0.1,99
1.0008,1.50025,3.95337668834,1.43251625813,0.283558221885,1.22,4.49154577289,1.05912956478,0.584654837363,1.6,2.29926628457,2.48264234817,7.73541807436,0.04999,0.00249825025,0.049975,0.1,100
1.0008,1.6002,3.76248124062,1.37978989495,0.26178217438,1.12,4.27003501751,1.13796898449,0.553582811161,1.47,2.55106235953,2.59682684225,7.99671742883,0.04999,0.00249825025,0.049975,0.1,101
1.0008,1.70015,3.66513256628,1.63061530765,0.223163866462,0.99,4.16258129065,1.06223111556,0.586646029805,1.43,2.82559816694,2.63140868595,8.30877141891,0.04999,0.00249825025,0.049975,0.1,102
1.0008,1.8001,3.56848424212,1.72106053027,0.172189037211,0.9,3.9979989995,1.04552276138,0.584777911875,1.36,2.95307213139,2.60750210249,8.35915320387,0.04999,0.00249825025,0.049975,0.1,103
1.0008,1.90005,3.35637818909,1.69594797399,0.170259895719,0.84,3.73736868434,1.12306153077,0.438730288695,1.18,2.84055320928,2.52867934839,8.03528392876,0.04999,0.00249825025,0.049975,0.1,104
1.0008,2.0,3.10435217609,1.77448724362,0.137143491306,0.69,3.30535267634,1.15837918959,0.459797157616,0.93,3.07257718375,2.48243476926,8.08842561474,0.04999,0.001249125125,0.0249875,0.1,105
1.25075,0.001,19.9995997999,1.28874437219,1.54218624639,9.58,19.9994997499,1.29354677339,2.31361199289,9.5,1.92989327031,24.4506399686,37.6727587315,0.04999,0.001274120125,0.0254875,0.1,106
1.25075,0.10095,19.9329664832,1.27363681841,1.29538330585,9.49,19.9929964982,1.14467233617,1.93609917093,9.5,1.71504693284,14.392957526,27.1679399567,0.04999,0.00249825025,0.049975,0.1,107
1.25075,0.2009,19.8093046523,1.09054527264,1.19553515511,9.33,19.9458729365,1.38379189595,1.81308816082,9.48,1.73755830245,10.24929434,22.9617461223,0.04999,0.00249825025,0.049975,0.1,108
1.25075,0.30085,19.0215107554,1.27733866933,1.11150453947,8.95,19.5423711856,1.14767383692,1.64982248302,9.19,1.72421423863,7.75786349445,20.0889079944,0.04999,0.00249825025,0.049975,0.1,109
1.25075,0.4008,16.0621310655,1.15547773887,1.04530669537,7.46,17.8182091046,1.08844422211,1.62719660411,8.33,1.8457769406,6.50033779736,17.7528979685,0.04999,0.00249825025,0.049975,0.1,110
1.25075,0.50075,12.7651825913,1.22861430715,0.951559681867,5.83,14.5027513757,1.13596798399,1.47878302928,6.68,1.87707598746,5.5039439509,15.1926941989,0.04999,0.00249825025,0.049975,0.1,111
1.25075,0.6007,10.8236118059,1.25782891446,0.881884484103,4.84,12.2096048024,0.885542771386,1.45588661882,5.64,2.00420220827,4.93490993747,13.6508093179,0.04999,0.00249825025,0.049975,0.1,112
1.25075,0.70065,8.91705852926,1.12546273137,0.752006735839,3.95,10.0212106053,1.03371685843,1.20328617423,4.49,1.88767955175,4.04096810504,11.5740820104,0.04999,0.00249825025,0.049975,0.1,113
1.25075,0.8006,7.71335667834,1.2108054027,0.648213723418,3.32,8.78059029515,1.09484742371,1.07755394696,3.89,1.90009061474,3.60264760182,10.5561358556,0.04999,0.00249825025,0.049975,0.1,114
1.25075,0.90055,6.92126063032,1.14977488744,0.631929434499,2.95,7.8176088044,1.11505752876,1.05334149831,3.4,2.06104830418,3.55250379879,10.2260494003,0.04999,0.00249825025,0.049975,0.1,115
1.25075,1.0005,6.33466733367,1.22781390695,0.550839663536,2.64,7.15507753877,1.12536268134,1.00586814016,3.08,2.1933213151,3.35976648508,9.86460592169,0.04999,0.00249825025,0.049975,0.1,116
1.25075,1.10045,5.4332166083,1.43831915958,0.462473146433,2.1,6.13096548274,0.928564282141,0.973538016259,2.6,2.35230727175,3.15539957498,9.3300456644,0.04999,0.00249825025,0.049975,0.1,117
1.25075,1.2004,5.08564282141,1.31335667834,0.42955724507,1.94,5.81010505253,1.01210605303,0.845405956243,2.39,2.40332455512,3.05451899999,9.06396509709,0.04999,0.00249825025,0.049975,0.1,118
1.25075,1.30035,4.79809904952,1.31485742871,0.394787795415,1.8,5.42591295648,0.943771885943,0.829032263754,2.23,2.55528830842,3.01298932892,8.98191149155,0.04999,0.00249825025,0.049975,0.1,119
1.25075,1.4003,4.52746373187,1.33026513257,0.375836412132,1.7,5.09564782391,0.989194597299,0.756381907913,2.06,2.62798247969,2.97207741351,8.87012079689,0.04999,0.00249825025,0.049975,0.1,120
1.25075,1.50025,4.04382191096,1.43591795898,0.29447140535,1.4,4.48154077039,0.898249124562,0.739398766666,1.74,2.74419592588,2.79769889545,8.52502905666,0.04999,0.00249825025,0.049975,0.1,121
1.25075,1.6002,3.58149074537,1.363981991,0.259206055678,1.09,4.24282141071,1.06073036518,0.669473466672,1.56,2.68748728195,2.70177608545,8.19837928511,0.04999,0.00249825025,0.049975,0.1,122
1.25075,1.70015,3.6072036018,1.36098049025,0.261869084879,1.11,4.18669334667,1.16898449225,0.602727192176,1.45,2.9506005019,2.83003709606,8.59581079467,0.04999,0.00249825025,0.049975,0.1,123
1.25075,1.8001,3.42821410705,1.56818409205,0.186030301945,0.98,3.90745372686,1.08464232116,0.547541265587,1.36,2.89807085429,2.54267570972,8.15554849375,0.04999,0.00249825025,0.049975,0.1,124
1.25075,1.90005,3.26163081541,1.51875937969,0.191131762269,0.93,3.70365182591,1.06593296648,0.525389950081,1.27,3.02634622192,2.58423088898,8.21355895188,0.04999,0.00249825025,0.049975,0.1,125
1.25075,2.0,3.13176588294,1.62421210605,0.168593850985,0.84,3.52526263132,1.06883441721,0.486412836261,1.16,3.14386644202,2.62906099473,8.31961313968,0.04999,0.001249125125,0.0249875,0.1,126
1.5007,0.001,20.0,1.07353676838,1.50130732978,10.03,19.9982991496,1.01110555278,2.37416062513,10.03,2.25430666873,28.5890920153,42.0498831994,0.04999,0.001274120125,0.0254875,0.1,127
1.5007,0.10095,19.996098049,1.10265132566,1.27513353009,10.01,19.9915957979,1.13706853427,2.02265605921,10.06,2.03658376717,17.0012703401,30.1502597145,0.04999,0.00249825025,0.049975,0.1,128
1.5007,0.2009,19.6938469235,1.33876938469,1.17487577193,9.81,19.8075037519,1.35057528764,1.88092813697,9.9,2.02957161027,11.9619134483,25.0683082412,0.04999,0.00249825025,0.049975,0.1,129
1.5007,0.30085,18.96008004,1.2180090045,1.08467215365,9.39,19.5872936468,1.09964982491,1.77184921649,9.77,2.05307235316,9.09798415948,21.8210606895,0.04999,0.00249825025,0.049975,0.1,130
1.5007,0.4008,15.4111055528,1.28214107054,0.9408460191,7.48,17.4922461231,1.06113056528,1.51897145401,8.6,1.92248004245,6.82030723098,17.9564255991,0.04999,0.00249825025,0.049975,0.1,131
1.5007,0.50075,12.6412206103,1.22271135568,0.904243140798,6.09,14.4423211606,1.18619309655,1.53263714574,7.06,2.12295665461,6.06050532614,16.0238970188,0.04999,0.00249825025,0.049975,0.1,132
1.5007,0.6007,10.4179089545,1.14787393697,0.832572159478,4.92,11.9077538769,0.845322661331,1.45985216696,5.79,2.1927153767,5.3339414448,14.0531404893,0.04999,0.00249825025,0.049975,0.1,133
1.5007,0.70065,8.94687343672,1.12886443222,0.763065595196,4.21,10.2283141571,1.04732366183,1.28584896895,4.87,2.1139499999,4.55504962036,12.4401233499,0.04999,0.00249825025,0.049975,0.1,134
1.5007,0.8006,7.76698349175,1.12716358179,0.675754696174,3.56,8.85802901451,0.939869934967,1.18494611968,4.18,2.19245890042,4.15161475506,11.4186471483,0.04999,0.00249825025,0.049975,0.1,135
1.5007,0.90055,6.93176588294,1.20290145073,0.649060321779,3.11,7.95777888944,1.09964982491,1.19157137925,3.72,2.3866894254,4.01848407522,11.1361420876,0.04999,0.00249825025,0.049975,0.1,136
1.5007,1.0005,6.0180090045,1.23381690845,0.541069256376,2.6,6.94257128564,1.02111055528,1.01459098966,3.13,2.33439608886,3.579200081,10.0870390081,0.04999,0.00249825025,0.049975,0.1,137
1.5007,1.10045,5.65932966483,1.29094547274,0.521800229173,2.46,6.48554277139,0.967583791896,0.957989247145,2.94,2.39962525193,3.41555926589,9.78233407773,0.04999,0.00249825025,0.049975,0.1,138
1.5007,1.2004,4.82471235618,1.20430215108,0.415496787988,1.93,5.6172086043,0.946773386693,0.87081672568,2.45,2.40427994567,3.06557880682,8.93376957919,0.04999,0.00249825025,0.049975,0.1,139
1.5007,1.30035,4.71905952976,1.19689844922,0.428446081896,1.89,5.43141570785,0.978089044522,0.87809852054,2.34,2.65952715199,3.21985236044,9.28649115719,0.04999,0.00249825025,0.049975,0.1,140
1.5007,1.4003,4.26773386693,1.19869934967,0.33958812843,1.7,4.88044022011,1.05432716358,0.710834848892,2.06,2.46778878173,2.81243768761,8.41270663806,0.04999,0.00249825025,0.049975,0.1,141
1.5007,1.50025,4.11135567784,1.38029014507,0.309764925832,1.58,4.65922961481,0.897948974487,0.793685578505,1.99,2.8775961276,2.94698126951,8.8885855062,0.04999,0.00249825025,0.049975,0.1,142
1.5007,1.6002,3.7687843922,1.52896448224,0.263907174551,1.24,4.34577288644,0.909254627314,0.815883603904,1.76,3.20877092732,3.01789415478,9.16303316639,0.04999,0.00249825025,0.049975,0.1,143
1.5007,1.70015,3.46693346673,1.48074037019,0.241356000501,1.15,4.04682341171,0.856028014007,0.682261778664,1.65,2.99909337202,2.6600405556,8.38709715821,0.04999,0.00249825025,0.049975,0.1,144
1.5007,1.8001,3.24732366183,1.31245622811,0.218962632127,1.02,3.8244122061,1.03711855928,0.568879839198,1.41,2.81455470225,2.59466593345,7.99064309984,0.04999,0.00249825025,0.049975,0.1,145
1.5007,1.90005,3.29804902451,1.44902451226,0.216805336404,1.04,3.79099549775,0.931065532766,0.596779379583,1.46,3.48085197511,2.77532514016,8.86305323937,0.04999,0.00249825025,0.049975,0.1,146
1.5007,2.0,3.16528264132,1.48774387194,0.173097127389,0.92,3.62701350675,0.944372186093,0.583970887563,1.34,3.42727913443,2.70427006691,8.66382694122,0.04999,0.001249125125,0.0249875,0.1,147
1.75065,0.001,19.9977988994,0.986993496748,1.42767056225,10.56,19.9997998999,1.10735367684,2.36752020785,10.51,2.50040811578,31.6088330125,45.376443536,0.04999,0.001274120125,0.0254875,0.1,148
1.75065,0.10095,19.9397698849,1.1975987994,1.41754521758,10.44,19.988094047,1.06543271636,2.3569391955,10.55,2.62943091948,21.9871374757,35.9147215081,0.04999,0.00249825025,0.049975,0.1,149
1.75065,0.2009,19.4089044522,1.04572286143,1.13635959038,10.16,19.6414207104,1.1863931966,1.87708976862,10.26,2.24397832356,13.1338909751,26.2561045878,0.04999,0.00249825025,0.049975,0.1,150
1.75065,0.30085,18.9090545273,1.09144572286,1.05153739363,9.81,19.6157078539,1.37828914457,1.77276898035,10.22,2.26705422143,10.0082502706,23.0503477484,0.04999,0.00249825025,0.049975,0.1,151
1.75065,0.4008,15.8611305653,1.07703851926,1.02610740794,8.17,18.1262631316,1.07973986993,1.72112556056,9.39,2.36234060508,8.35920130198,20.275524249,0.04999,0.00249825025,0.049975,0.1,152
1.75065,0.50075,12.4072036018,1.10405202601,0.874176784858,6.28,14.4697348674,1.14547273637,1.55967709481,7.44,2.3094626264,6.6690128413,16.7675528343,0.04999,0.00249825025,0.049975,0.1,153
1.75065,0.6007,10.2026013007,1.02431215608,0.803942781632,5.11,11.7296648324,1.07353676838,1.39577081939,5.94,2.23906704809,5.53119163171,14.2559232815,0.04999,0.00249825025,0.049975,0.1,154
1.75065,0.70065,8.78569284642,1.11745872936,0.769275770777,4.31,10.2156078039,1.0304152076,1.40793127102,5.14,2.48245334298,5.22145621564,13.491352505,0.04999,0.00249825025,0.049975,0.1,155
1.75065,0.8006,7.77028514257,1.2284142071,0.677621794635,3.71,9.00910455228,0.827713856928,1.36465818119,4.52,2.60269208355,4.7940827812,12.5816757421,0.04999,0.00249825025,0.049975,0.1,156
1.75065,0.90055,6.87163581791,1.05302651326,0.634395429873,3.26,8.03171585793,1.04342171086,1.15831039908,3.91,2.49274283808,4.24522073868,11.4171649054,0.04999,0.00249825025,0.049975,0.1,157
1.75065,1.0005,6.17568784392,1.10415207604,0.585270694406,2.87,7.12386193097,1.09494747374,1.07658947215,3.37,2.54708958051,3.94267691223,10.7781746726,0.04999,0.00249825025,0.049975,0.1,158
1.75065,1.10045,5.70175087544,1.28294147074,0.504433375163,2.56,6.60450225113,0.890745372686,1.15092859922,3.21,2.90495309198,3.87838464267,10.8268372885,0.04999,0.00249825025,0.049975,0.1,159
1.75065,1.2004,5.14637318659,1.20810405203,0.472858570094,2.25,5.98809404702,1.04112056028,1.01201455491,2.8,2.8345242722,3.60985824477,10.1806973208,0.04999,0.00249825025,0.049975,0.1,160
1.75065,1.30035,4.53766883442,1.16658329165,0.421666117705,1.92,5.30825412706,0.926363181591,0.847760039337,2.4,2.66680095079,3.25802450334,9.24132310241,0.04999,0.00249825025,0.049975,0.1,161
1.75065,1.4003,4.28444222111,1.23531765883,0.362365861005,1.74,5.02491245623,0.868434217109,0.860349537342,2.26,2.91864600799,3.19127118913,9.28640991517,0.04999,0.00249825025,0.049975,0.1,162
1.75065,1.50025,4.07323661831,1.26863431716,0.338342475385,1.68,4.75627813907,0.962181090545,0.746167783168,2.1,2.82920459516,2.9835991072,8.88420858515,0.04999,0.00249825025,0.049975,0.1,163
1.75065,1.6002,3.7983991996,1.28744372186,0.290438390879,1.43,4.41370685343,0.919259629815,0.868050427466,1.95,3.28061872858,3.09867012406,9.30690005172,0.04999,0.00249825025,0.049975,0.1,164
1.75065,1.70015,3.4128064032,1.27993996998,0.260625947364,1.2,4.03971985993,0.92096048024,0.715002293296,1.66,3.15080221478,2.91645848873,8.75530649971,0.04999,0.00249825025,0.049975,0.1,165
1.75065,1.8001,3.27563781891,1.31325662831,0.223774049636,1.11,3.88434217109,0.942771385693,0.700810966427,1.59,3.24444435953,2.83574161536,8.7030298726,0.04999,0.00249825025,0.049975,0.1,166
1.75065,1.90005,3.22871435718,1.51755877939,0.196223552517,1.05,3.787993997,0.966783391696,0.689626488197,1.53,3.37890271222,2.7630613283,8.79334381702,0.04999,0.00249825025,0.049975,0.1,167
1.75065,2.0,2.97388694347,1.23991995998,0.196278983391,0.97,3.51935967984,0.95627813907,0.565843449882,1.38,3.31546084752,2.64722720675,8.36470325104,0.04999,0.001249125125,0.0249875,0.1,168
2.0006,0.001,19.9983991996,1.12176088044,1.51263933323,10.99,19.9994997499,1.30175087544,2.62021660568,11.03,3.02761971573,38.3778297232,52.9399266193,0.04999,0.001274120125,0.0254875,0.1,169
2.0006,0.10095,19.8832416208,1.12026013007,1.37533773173,10.93,19.9873936968,1.16028014007,2.39972289966,11.0,2.92199159598,24.2783892687,38.565376253,0.04999,0.00249825025,0.049975,0.1,170
2.0006,0.2009,19.9433716858,0.859029514757,1.26308904631,10.93,19.9887943972,1.25992996498,2.15231283515,10.94,2.7983235477,16.5323201603,30.5595549138,0.04999,0.00249825025,0.049975,0.1,171
2.0006,0.30085,19.1465732866,1.1855927964,1.11511232152,10.44,19.755877939,1.22901450725,1.95175246204,10.74,2.695672153,11.9253108636,25.602289328,0.04999,0.00249825025,0.049975,0.1,172
2.0006,0.4008,15.7917958979,1.18619309655,1.02907539959,8.49,18.2789394697,0.994497248624,1.82669339125,9.87,2.70589962752,9.41050346223,21.783696835,0.04999,0.00249825025,0.049975,0.1,173
2.0006,0.50075,12.5992996498,1.04212106053,0.91629736208,6.66,14.739969985,0.869234617309,1.70745519835,7.96,2.69924075732,7.73056000086,18.3153267691,0.04999,0.00249825025,0.049975,0.1,174
2.0006,0.6007,10.1169584792,0.984192096048,0.804274688979,5.3,11.9762881441,1.09094547274,1.4678346053,6.38,2.5315624499,6.12708803611,15.2355011956,0.04999,0.00249825025,0.049975,0.1,175
2.0006,0.70065,8.65202601301,0.969584792396,0.758630682811,4.5,10.3089544772,0.981190595298,1.38568408513,5.44,2.5361991917,5.4546082832,13.7339561121,0.04999,0.00249825025,0.049975,0.1,176
2.0006,0.8006,7.61090545273,1.03911955978,0.690108292977,3.86,9.04602301151,0.948274137069,1.35270565656,4.74,2.70484684483,4.98440275494,12.8553418072,0.04999,0.00249825025,0.049975,0.1,177
2.0006,0.90055,6.60150075038,1.05722861431,0.599759143567,3.29,7.72236118059,0.849924962481,1.19090499378,3.98,2.59298435152,4.32852051107,11.4288919113,0.04999,0.00249825025,0.049975,0.1,178
2.0006,1.0005,6.0020010005,1.04112056028,0.570333206117,2.94,7.05012506253,0.925962981491,1.12001880505,3.56,2.67610426491,4.10796101432,10.9727730086,0.04999,0.00249825025,0.049975,0.1,179
2.0006,1.10045,5.50985492746,1.05362681341,0.542033027749,2.64,6.41430715358,0.938469234617,1.03381853474,3.16,2.72004885825,3.84722970224,10.4562597295,0.04999,0.00249825025,0.049975,0.1,180
2.0006,1.2004,5.19019509755,1.04362181091,0.508255040013,2.47,6.06683341671,0.905952976488,1.04071677593,2.98,2.9842123462,3.88391253337,10.5758625681,0.04999,0.00249825025,0.049975,0.1,181
2.0006,1.30035,4.66003001501,1.17738869435,0.44460934817,2.06,5.50795397699,0.850425212606,1.06490489608,2.68,3.25367982307,3.78287572794,10.4880842641,0.04999,0.00249825025,0.049975,0.1,182
2.0006,1.4003,4.32276138069,1.10415207604,0.413979209781,1.89,5.09594797399,0.930165082541,0.952427361672,2.41,3.14514126791,3.49903169761,9.87839142962,0.04999,0.00249825025,0.049975,0.1,183
2.0006,1.50025,4.18469234617,1.12606303152,0.353386140114,1.83,4.91015507754,1.05642821411,0.840708453277,2.26,3.02102795918,3.23082004226,9.41145360102,0.04999,0.00249825025,0.049975,0.1,184
2.0006,1.6002,3.7983991996,1.20530265133,0.31051723578,1.61,4.45842921461,0.88364182091,0.824329339607,2.09,3.15306142188,3.12183351773,9.190902475,0.04999,0.00249825025,0.049975,0.1,185
2.0006,1.70015,3.58889444722,1.26893446723,0.262363281018,1.4,4.20540270135,0.903351675838,0.816202278563,1.9,3.52411723719,3.17428322474,9.5048428164,0.04999,0.00249825025,0.049975,0.1,186
2.0006,1.8001,3.19449724862,1.24242121061,0.264786783522,1.19,3.80780390195,0.926263131566,0.740947260606,1.62,3.47583080161,3.0061640953,9.07293726493,0.04999,0.00249825025,0.049975,0.1,187
2.0006,1.90005,3.15237618809,1.27763881941,0.235580800075,1.12,3.70205102551,0.996498249125,0.651444385415,1.49,3.67743964414,3.14610409826,9.37500040178,0.04999,0.00249825025,0.049975,0.1,188
2.0006,2.0,2.96458229115,1.30785392696,0.209153786742,0.99,3.56608304152,0.803501750875,0.713950513799,1.51,3.82337658959,2.97875952513,9.23513817465,0.04999,0.001249125125,0.0249875,0.1,189
2.25055,0.001,19.7973986993,1.03551775888,1.39232511216,11.3,19.99989995,1.12616308154,2.51022255893,11.53,3.134982386,39.7498983126,54.2966914725,0.04999,0.001274120125,0.0254875,0.1,190
2.25055,0.10095,19.9926963482,0.96068034017,1.29611584436,11.42,19.9996998499,1.07003501751,2.35077160294,11.52,3.08482932471,25.6685978435,40.1051487735,0.04999,0.00249825025,0.049975,0.1,191
2.25055,0.2009,19.6033016508,0.92316158079,1.09793172147,11.15,19.9428714357,1.08374187094,1.98054848729,11.39,2.76460144506,16.278755664,30.1250257496,0.04999,0.00249825025,0.049975,0.1,192
2.25055,0.30085,19.3156578289,0.964082041021,1.16860519258,10.92,19.8484242121,1.14777388694,2.10467755729,11.29,3.12398599266,13.7851058592,27.972642462,0.04999,0.00249825025,0.049975,0.1,193
2.25055,0.4008,15.6020010005,1.12416208104,0.986987423908,8.75,18.1313656828,0.961180590295,1.81939067414,10.22,2.89186527477,10.0102123957,22.5046905247,0.04999,0.00249825025,0.049975,0.1,194
2.25055,0.50075,12.6891445723,0.940870435218,0.986391358165,7.04,15.0503251626,1.06143071536,1.80130897462,8.41,3.10293956031,8.86973842998,20.0733922758,0.04999,0.00249825025,0.049975,0.1,195
2.25055,0.6007,10.4261130565,1.13166583292,0.855411312797,5.68,12.3554777389,0.864232116058,1.69875023024,6.9,3.061002291,7.3744482411,17.263300701,0.04999,0.00249825025,0.049975,0.1,196
2.25055,0.70065,8.70645322661,0.957778889445,0.76905498808,4.68,10.5332666333,0.925062531266,1.43681913184,5.79,2.86400390986,6.06984831084,14.766263145,0.04999,0.00249825025,0.049975,0.1,197
2.25055,0.8006,7.77628814407,1.02331165583,0.725895110174,4.12,9.33276638319,0.953576788394,1.49906824069,5.16,3.06166342296,5.67852624725,14.091050382,0.04999,0.00249825025,0.049975,0.1,198
2.25055,0.90055,6.7659829915,1.02971485743,0.656844788723,3.49,8.07413706853,0.980890445223,1.35377512153,4.36,3.04353143282,5.07952006964,12.8677784134,0.04999,0.00249825025,0.049975,0.1,199
2.25055,1.0005,5.99229614807,1.04672336168,0.581008021154,3.1,7.228014007,0.964582291146,1.17487644674,3.84,2.84708537638,4.35366242075,11.4880623166,0.04999,0.00249825025,0.049975,0.1,200
2.25055,1.10045,5.26313156578,1.00550275138,0.494664811672,2.63,6.23291645823,0.925762881441,1.1017017658,3.25,2.85741139215,3.9183395718,10.5701151164,0.04999,0.00249825025,0.049975,0.1,201
2.25055,1.2004,5.05622811406,1.12736368184,0.468971471767,2.46,6.07173586793,1.02661330665,1.09925826916,3.17,3.12267344692,3.97741569081,10.8688086219,0.04999,0.00249825025,0.049975,0.1,202
2.25055,1.30035,4.69594797399,1.10295147574,0.440210007356,2.21,5.65832916458,1.0084042021,1.08234550045,2.9,3.34877031286,3.91363555422,10.8107623208,0.04999,0.00249825025,0.049975,0.1,203
2.25055,1.4003,4.23811905953,1.08624312156,0.4135674971,1.97,5.11725862931,0.814507253627,1.01146907515,2.59,3.36818159769,3.66612303327,10.245992001,0.04999,0.00249825025,0.049975,0.1,204
2.25055,1.50025,3.93886943472,1.01670835418,0.382645433608,1.82,4.69294647324,0.776888444222,0.874275392048,2.32,3.1901866077,3.34646160635,9.49356873998,0.04999,0.00249825025,0.049975,0.1,205
2.25055,1.6002,3.84852426213,1.09264632316,0.347508865546,1.71,4.59289644822,0.917858929465,0.899352662812,2.22,3.55655149165,3.49539257629,10.024419702,0.04999,0.00249825025,0.049975,0.1,206
2.25055,1.70015,3.50455227614,1.2124062031,0.294317803841,1.47,4.20100050025,0.87703851926,0.790073884739,1.99,3.45764719995,3.17065302527,9.40314412292,0.04999,0.00249825025,0.049975,0.1,207
2.25055,1.8001,3.23181590795,1.20540270135,0.247095169061,1.29,3.88494247124,0.889344672336,0.779681230634,1.82,3.48973973862,2.96885015301,9.07611556118,0.04999,0.00249825025,0.049975,0.1,208
2.25055,1.90005,3.0244122061,1.25372686343,0.23544663079,1.12,3.65862931466,0.967783891946,0.706706827801,1.6,3.59357837387,3.04840885475,9.16386825178,0.04999,0.00249825025,0.049975,0.1,209
2.25055,2.0,2.98269134567,1.26653326663,0.220511716026,1.05,3.58059029515,0.91735867934,0.719331516158,1.51,3.96446142025,3.17360572483,9.61057134021,0.04999,0.001249125125,0.0249875,0.1,210
2.5005,0.001,19.9995997999,0.922461230615,1.38065093315,11.91,19.9996998499,0.988194097049,2.58303614113,11.93,3.45371331365,43.7485682209,58.6637944962,0.04999,0.001274120125,0.0254875,0.1,211
2.5005,0.10095,19.7697848924,0.787693846923,1.24058497723,11.77,19.9896948474,1.19049524762,2.30760631286,11.85,3.2450003023,26.993588864,41.5538523785,0.04999,0.00249825025,0.049975,0.1,212
2.5005,0.2009,19.7594797399,0.985092546273,1.16874023356,11.7,19.9507753877,0.989294647324,2.20755694779,11.85,3.26111890851,19.1037932584,33.6207050138,0.04999,0.00249825025,0.049975,0.1,213
2.5005,0.30085,18.9589794897,0.871035517759,1.13019220917,11.19,19.6336168084,0.901850925463,2.14853019334,11.54,3.38595725171,14.7504160427,29.0139968409,0.04999,0.00249825025,0.049975,0.1,214
2.5005,0.4008,15.3763881941,1.03551775888,0.989906176996,8.97,18.0772386193,1.04632316158,1.86250755989,10.53,3.12735649802,10.8676505495,23.5927828179,0.04999,0.00249825025,0.049975,0.1,215
2.5005,0.50075,12.2362181091,1.01350675338,0.884613025302,7.02,14.7504752376,1.13456728364,1.73257005439,8.59,3.0830446871,8.79337622016,19.8448492563,0.04999,0.00249825025,0.049975,0.1,216
2.5005,0.6007,9.99369684842,1.06633316658,0.791650989725,5.69,11.9926963482,0.99979989995,1.59199270946,6.93,2.99173661146,7.20680303248,16.851209461,0.04999,0.00249825025,0.049975,0.1,217
2.5005,0.70065,8.50525262631,0.972586293147,0.774851213303,4.82,10.3019509755,0.944172086043,1.4688854715,5.84,3.03184153667,6.40594181498,15.2190777029,0.04999,0.00249825025,0.049975,0.1,218
2.5005,0.8006,7.79509754877,0.951275637819,0.746504115827,4.33,9.179989995,0.771685842921,1.56747710306,5.22,3.44013290533,6.28204166413,15.0046232611,0.04999,0.00249825025,0.049975,0.1,219
2.5005,0.90055,6.41770885443,1.05452726363,0.606612741439,3.49,7.95977988994,0.874337168584,1.17239821927,4.43,2.80289176235,4.78484183549,12.1601696669,0.04999,0.00249825025,0.049975,0.1,220
2.5005,1.0005,5.95077538769,0.980290145073,0.574382821742,3.21,7.1635817909,0.833616808404,1.22104687561,3.97,3.02000829159,4.61726791502,11.8659484101,0.04999,0.00249825025,0.049975,0.1,221
2.5005,1.10045,5.43341670835,0.965382691346,0.561420388222,2.82,6.60740370185,0.908554277139,1.21958461864,3.57,3.39884497893,4.7088282178,12.0772726482,0.04999,0.00249825025,0.049975,0.1,222
2.5005,1.2004,4.95807903952,0.997298649325,0.49400121426,2.57,5.95077538769,0.906753376688,1.03565230076,3.17,3.08707499907,4.02876493949,10.756246673,0.04999,0.00249825025,0.049975,0.1,223
2.5005,1.30035,4.71535767884,1.07673836918,0.478095106324,2.41,5.65522761381,0.912956478239,1.11131702456,3.03,3.4667214875,4.12375204045,11.1436367735,0.04999,0.00249825025,0.049975,0.1,224
2.5005,1.4003,4.18849424712,1.00610305153,0.425482930498,2.02,5.12266133067,0.849224612306,1.03316018672,2.68,3.46602450894,3.84362857761,10.5165259976,0.04999,0.00249825025,0.049975,0.1,225
2.5005,1.50025,3.87573786893,1.06733366683,0.347386646755,1.81,4.71385692846,0.871635817909,0.927686371994,2.44,3.40514487167,3.46077995223,9.87585827658,0.04999,0.00249825025,0.049975,0.1,226
2.5005,1.6002,3.83871935968,1.11575787894,0.369594713428,1.79,4.58729364682,0.887743871936,0.993091074651,2.35,3.83259922556,3.6566754858,10.5014442151,0.04999,0.00249825025,0.049975,0.1,227
2.5005,1.70015,3.52936468234,1.13996998499,0.313477033223,1.59,4.25432716358,0.998699349675,0.862061374403,2.11,3.61792937957,3.37182804304,9.83788555653,0.04999,0.00249825025,0.049975,0.1,228
2.5005,1.8001,3.3763881941,1.11025512756,0.278639175952,1.49,4.07283641821,0.844422211106,0.90058325777,2.06,3.89986901003,3.32208593376,9.93124151066,0.04999,0.00249825025,0.049975,0.1,229
2.5005,1.90005,2.95647823912,1.18949474737,0.227944984143,1.16,3.6072036018,0.881740870435,0.777732160428,1.69,3.73898844511,2.99907175268,9.21185849395,0.04999,0.00249825025,0.049975,0.1,230
2.5005,2.0,2.88524262131,1.21290645323,0.22964105102,1.09,3.51175587794,0.817708854427,0.766558165444,1.61,4.13979404575,3.18908181809,9.74188944472,0.04999,0.001249125125,0.0249875,0.1,231
2.75045,0.001,19.9986993497,0.872336168084,1.31098427656,12.31,20.0,1.14897448724,2.53868082916,12.3,3.60711332435,45.7305263901,60.8666430023,0.04999,0.001274120125,0.0254875,0.1,232
2.75045,0.10095,19.7228614307,1.01340670335,1.25611645452,12.04,19.9343671836,0.955677838919,2.45286045692,12.42,3.6408249675,30.2174401578,45.2548550516,0.04999,0.00249825025,0.049975,0.1,233
2.75045,0.2009,19.8370185093,1.13326663332,1.14777363572,12.07,19.9337668834,0.866533266633,2.25665404457,12.3,3.5392447177,20.5871559848,35.4728800524,0.04999,0.00249825025,0.049975,0.1,234
2.75045,0.30085,19.0834417209,0.79939969985,1.11461653197,11.58,19.8537268634,1.00620310155,2.17333839255,12.19,3.58941568199,15.7542473812,30.3834146501,0.04999,0.00249825025,0.049975,0.1,235
2.75045,0.4008,15.591895948,1.06403201601,1.00960139097,9.4,18.3233616808,0.819209604802,1.98600847073,11.1,3.51387577363,12.1407375716,25.3912376203,0.04999,0.00249825025,0.049975,0.1,236
2.75045,0.50075,12.2419209605,0.953476738369,0.886302519683,7.27,14.872036018,0.873236618309,1.83084020642,9.02,3.42592262481,9.64802008816,21.0380011655,0.04999,0.00249825025,0.049975,0.1,237
2.75045,0.6007,10.3835917959,1.07483741871,0.875965567478,6.11,12.5590795398,0.982291145573,1.72799752899,7.49,3.5150512936,8.52087811208,19.0073178145,0.04999,0.00249825025,0.049975,0.1,238
2.75045,0.70065,8.70665332666,1.10465232616,0.776307766255,5.08,10.6494247124,0.862731365683,1.60791871075,6.33,3.43379147098,7.19703664258,16.6315872123,0.04999,0.00249825025,0.049975,0.1,239
2.75045,0.8006,7.44642321161,1.01310655328,0.688189684919,4.28,9.13366683342,1.07373686843,1.40775712978,5.35,3.22119223692,5.97666266016,14.4742433144,0.04999,0.00249825025,0.049975,0.1,240
2.75045,0.90055,6.68514257129,1.05132566283,0.669347138465,3.79,8.22831415708,0.900650325163,1.42504826024,4.79,3.50476042961,5.76244913016,14.0841584178,0.04999,0.00249825025,0.049975,0.1,241
2.75045,1.0005,6.07423711856,1.01620810405,0.629098372349,3.46,7.27673836918,0.997498749375,1.27761800478,4.14,3.37497602375,5.16767721234,12.9453784303,0.04999,0.00249825025,0.049975,0.1,242
2.75045,1.10045,5.31685842921,1.04802401201,0.541941764292,2.88,6.64842421211,0.902151075538,1.19180265096,3.79,3.39342896753,4.63703751403,12.0200943992,0.04999,0.00249825025,0.049975,0.1,243
2.75045,1.2004,4.96578289145,0.936368184092,0.542512282749,2.64,5.995997999,0.943371685843,1.18704482949,3.33,3.57886173901,4.64499299076,11.9344109118,0.04999,0.00249825025,0.049975,0.1,244
2.75045,1.30035,4.54617308654,0.988394197099,0.444033912622,2.42,5.54897448724,0.876938469235,1.00925123363,3.05,3.31106243951,3.96048094788,10.6964409749,0.04999,0.00249825025,0.049975,0.1,245
2.75045,1.4003,4.07793896948,1.11245622811,0.362850925625,1.98,5.0084042021,0.675937968984,1.0574509895,2.82,3.65021683131,3.82228364492,10.6102067576,0.04999,0.00249825025,0.049975,0.1,246
2.75045,1.50025,3.81370685343,1.06243121561,0.385626267046,1.88,4.70965482741,0.831815907954,0.982014204982,2.51,3.63021394197,3.70360505291,10.3495094646,0.04999,0.00249825025,0.049975,0.1,247
2.75045,1.6002,3.80460230115,1.10575287644,0.362020855816,1.82,4.5615807904,0.861030515258,1.00195152576,2.36,4.03741915586,3.84314359976,10.8719253948,0.04999,0.00249825025,0.049975,0.1,248
2.75045,1.70015,3.45242621311,1.02871435718,0.31622841402,1.61,4.25682841421,0.925962981491,0.865773292356,2.19,3.72614702592,3.44732704043,9.9546922236,0.04999,0.00249825025,0.049975,0.1,249
2.75045,1.8001,3.3795897949,1.04962481241,0.2987153622,1.58,4.1767883942,0.726863431716,0.966162869971,2.24,4.22790704875,3.56050846932,10.5019196158,0.04999,0.00249825025,0.049975,0.1,250
2.75045,1.90005,3.14987493747,1.0388194097,0.279695526462,1.44,3.84692346173,0.902851425713,0.818350743888,1.92,3.89887332259,3.29223638008,9.77066610036,0.04999,0.00249825025,0.049975,0.1,251
2.75045,2.0,2.828014007,1.11385692846,0.237395972982,1.12,3.50335167584,0.812806403202,0.845504071023,1.7,4.18209727642,3.25102823637,9.82926784784,0.04999,0.001249125125,0.0249875,0.1,252
3.0004,0.001,20.0,1.09474737369,1.32302394859,12.81,20.0,1.204002001,2.64608381404,12.65,3.97115483726,50.2146500063,65.9027931142,0.04999,0.001274120125,0.0254875,0.1,253
3.0004,0.10095,19.848024012,1.02171085543,1.21091024299,12.58,19.983991996,0.785892946473,2.44440975331,12.68,3.83501640245,31.6783353998,46.9391965266,0.04999,0.00249825025,0.049975,0.1,254
3.0004,0.2009,19.9314657329,0.816208104052,1.1946847818,12.67,19.9894947474,1.07633816908,2.3721052004,12.59,3.91642255411,22.874753739,38.2409915655,0.04999,0.00249825025,0.049975,0.1,255
3.0004,0.30085,18.6876438219,0.920260130065,1.06132816944,11.75,19.5993996998,0.868934467234,2.1105947033,12.27,3.68178847721,16.1121773668,30.6884457733,0.04999,0.00249825025,0.049975,0.1,256
3.0004,0.4008,15.1684842421,0.700550275138,0.965927181162,9.51,18.3484742371,0.855727863932,1.92029362551,11.49,3.52453989622,12.2470102243,25.3306410131,0.04999,0.00249825025,0.049975,0.1,257
3.0004,0.50075,12.1149574787,1.08574287144,0.897391268093,7.5,14.9473736868,0.868634317159,1.81142920064,9.32,3.5386790338,10.0605669965,21.6342225973,0.04999,0.00249825025,0.049975,0.1,258
3.0004,0.6007,10.0585292646,0.956578289145,0.845552265681,6.13,12.3644822411,0.853626813407,1.81965289614,7.66,3.77319037792,8.92315129418,19.5114161953,0.04999,0.00249825025,0.049975,0.1,259
3.0004,0.70065,8.632016008,0.875837918959,0.788992173774,5.22,10.6396198099,0.870035017509,1.69707948264,6.54,3.7914009319,7.77538415315,17.5292031928,0.04999,0.00249825025,0.049975,0.1,260
3.0004,0.8006,7.68734367184,0.885442721361,0.781267893473,4.59,9.56848424212,0.80380190095,1.66682755113,5.82,3.93926805444,7.27063617506,16.636944445,0.04999,0.00249825025,0.049975,0.1,261
3.0004,0.90055,6.87033516758,0.914857428714,0.726427956499,4.1,8.29034517259,1.03101550775,1.49707115593,4.92,3.85069383642,6.43984356272,15.2210187113,0.04999,0.00249825025,0.049975,0.1,262
3.0004,1.0005,5.97658829415,0.971485742871,0.617638801502,3.49,7.31295647824,0.810005002501,1.31518050695,4.34,3.54648331663,5.43265601126,13.3163910502,0.04999,0.00249825025,0.049975,0.1,263
3.0004,1.10045,5.74417208604,0.925462731366,0.603866547912,3.28,6.95787893947,0.742171085543,1.46989289323,4.12,4.17916626501,5.65685839013,14.0199834287,0.04999,0.00249825025,0.049975,0.1,264
3.0004,1.2004,4.95487743872,0.934067033517,0.521737448328,2.71,6.12046023012,0.91755877939,1.22424658684,3.52,3.81165130267,4.8337170679,12.3933712867,0.04999,0.00249825025,0.049975,0.1,265
3.0004,1.30035,4.47043521761,1.01970985493,0.436818016771,2.38,5.4352176088,0.821310655328,1.17002854641,3.14,3.75903221139,4.3015603843,11.4817236898,0.04999,0.00249825025,0.049975,0.1,266
3.0004,1.4003,4.1619809905,1.03791895948,0.424555567223,2.19,5.26703351676,0.758579289645,1.14577418195,3.06,3.96488514202,4.19918953415,11.4451389185,0.04999,0.00249825025,0.049975,0.1,267
3.0004,1.50025,3.94467233617,0.941870935468,0.427691257487,2.03,4.93876938469,0.794597298649,1.10291227992,2.75,4.08070570803,4.21369569997,11.4002556889,0.04999,0.00249825025,0.049975,0.1,268
3.0004,1.6002,3.71595797899,0.985192596298,0.389297919441,1.85,4.55177588794,0.861030515258,1.10862495372,2.49,4.30966852688,4.06526056059,11.3522104368,0.04999,0.00249825025,0.049975,0.1,269
3.0004,1.70015,3.54327163582,1.04842421211,0.323976597267,1.73,4.35107553777,0.977188594297,0.886218952461,2.31,3.98872451623,3.66009072091,10.5162070589,0.04999,0.00249825025,0.049975,0.1,270
3.0004,1.8001,3.36248124062,0.989594797399,0.305219894596,1.69,4.11525762881,0.844622311156,0.833394688853,2.2,3.942733301,3.45633908889,10.0899102817,0.04999,0.00249825025,0.049975,0.1,271
3.0004,1.90005,3.12306153077,1.11105552776,0.261923080457,1.45,3.87533766883,0.792096048024,0.875914794484,2.06,4.20016996144,3.4042490687,10.1929421974,0.04999,0.00249825025,0.049975,0.1,272
3.0004,2.0,2.92836418209,1.00250125063,0.271758848792,1.34,3.65672836418,0.953576788394,0.802719565124,1.85,4.27581426201,3.43972241816,10.1985854213,0.04999,0.001249125125,0.0249875,0.1,273
3.25035,0.001,19.7950975488,1.02941470735,1.25932189666,12.94,19.7990995498,1.16858429215,2.59613609633,13.01,4.09482094935,51.9516978213,67.658042868,0.04999,0.001274120125,0.0254875,0.1,274
3.25035,0.10095,19.9911955978,0.773786893447,1.22235232143,13.05,19.9956978489,0.886943471736,2.51833793202,13.12,4.1569545613,34.3613484215,50.0175079469,0.04999,0.00249825025,0.049975,0.1,275
3.25035,0.2009,19.5862931466,0.897648824412,1.13016104641,12.75,19.9389694847,0.983291645823,2.35430759825,13.07,4.07349685409,23.5573403987,39.0201409431,0.04999,0.00249825025,0.049975,0.1,276
3.25035,0.30085,18.9746873437,0.792196098049,1.04015105727,12.31,19.7780890445,0.927563781891,2.16187683296,12.84,3.93249979453,17.1012435329,32.0926742556,0.04999,0.00249825025,0.049975,0.1,277
3.25035,0.4008,14.9550775388,1.01300650325,0.91953539497,9.58,18.1573786893,1.06293146573,1.94358793792,11.75,3.74496645607,12.8270781889,26.2430652776,0.04999,0.00249825025,0.049975,0.1,278
3.25035,0.50075,12.1140570285,0.992696348174,0.897339203332,7.7,15.0449224612,1.10615307654,1.93304817829,9.69,3.91742475896,11.0019760469,23.0961023318,0.04999,0.00249825025,0.049975,0.1,279
3.25035,0.6007,10.1153576788,0.910455227614,0.827429344795,6.35,12.5351675838,0.830315157579,1.84054326913,8.04,3.98959714852,9.41249739315,20.2863726197,0.04999,0.00249825025,0.049975,0.1,280
3.25035,0.70065,8.28634317159,0.971685842921,0.729373062657,5.23,10.4195097549,0.841220610305,1.51758382601,6.6,3.43317256056,7.31273263534,16.5631171544,0.04999,0.00249825025,0.049975,0.1,281
3.25035,0.8006,7.33456728364,0.87743871936,0.67790934931,4.49,9.15777888944,0.956178089045,1.5125200115,5.78,3.64067450008,6.74936521697,15.6373218947,0.04999,0.00249825025,0.049975,0.1,282
3.25035,0.90055,6.49774887444,0.894147073537,0.637526649853,3.92,8.10765382691,0.804302151076,1.49428789212,5.06,3.8242565229,6.27431413255,14.8095238035,0.04999,0.00249825025,0.049975,0.1,283
3.25035,1.0005,5.81050525263,0.867933966983,0.595619139145,3.46,7.37268634317,0.893046523262,1.38218046024,4.56,3.82202904278,5.69542537326,13.8524592087,0.04999,0.00249825025,0.049975,0.1,284
3.25035,1.10045,5.43471735868,0.965582791396,0.567299437929,3.17,6.74337168584,0.725062531266,1.36383584153,4.12,4.08458794401,5.50344520478,13.6307524492,0.04999,0.00249825025,0.049975,0.1,285
3.25035,1.2004,4.93296648324,0.909454727364,0.531236223601,2.82,6.2136068034,0.865832916458,1.35272598287,3.78,4.21280424414,5.17264915147,13.1852134602,0.04999,0.00249825025,0.049975,0.1,286
3.25035,1.30035,4.56228114057,0.930865432716,0.46884672394,2.55,5.58669334667,0.870535267634,1.24034358264,3.31,4.08573194359,4.74521523214,12.3392757807,0.04999,0.00249825025,0.049975,0.1,287
3.25035,1.4003,4.19029514757,0.92296148074,0.434429506305,2.33,5.20370185093,0.918059029515,1.13856567817,3.07,3.93238199791,4.2774268535,11.510915166,0.04999,0.00249825025,0.049975,0.1,288
3.25035,1.50025,3.77458729365,0.936768384192,0.400576178919,2.0,4.92436218109,0.762581290645,1.07545635372,2.89,4.02019041278,4.18487013361,11.2564623123,0.04999,0.00249825025,0.049975,0.1,289
3.25035,1.6002,3.63831915958,1.00380190095,0.367129658444,1.89,4.49354677339,0.789394697349,1.05349345446,2.57,4.0951606909,3.94495022486,10.9624490031,0.04999,0.00249825025,0.049975,0.1,290
3.25035,1.70015,3.40530265133,1.00410205103,0.329186916877,1.75,4.23351675838,0.768184092046,0.97210341217,2.38,4.14860090253,3.77506424747,10.6852059696,0.04999,0.00249825025,0.049975,0.1,291
3.25035,1.8001,3.38969484742,0.915357678839,0.339741343191,1.77,4.11525762881,0.866933466733,0.894272234926,2.24,4.16022769642,3.72317971174,10.5954598849,0.04999,0.00249825025,0.049975,0.1,292
3.25035,1.90005,3.08844422211,1.07583791896,0.274102814578,1.48,3.88314157079,0.660730365183,0.992236021225,2.2,4.66506071302,3.66887655525,10.9067721536,0.04999,0.00249825025,0.049975,0.1,293
3.25035,2.0,2.84062031016,1.00510255128,0.240345689821,1.35,3.53496748374,0.743171585793,0.879020128228,1.95,4.33977629119,3.25785385949,9.98919336351,0.04999,0.001249125125,0.0249875,0.1,294
3.5003,0.001,20.0,0.760180090045,1.39486961149,13.48,19.9997998999,0.991795897949,2.95881430146,13.52,4.88418334253,61.8694733526,78.5029527263,0.04999,0.001274120125,0.0254875,0.1,295
3.5003,0.10095,19.9957978989,1.07563781891,1.29554143756,13.38,20.0,1.24122061031,2.75925206213,13.56,4.77243335212,39.2712439715,55.9011291137,0.04999,0.00249825025,0.049975,0.1,296
3.5003,0.2009,19.796198099,0.806803401701,1.18697166493,13.19,19.9894947474,1.0196098049,2.55705147942,13.54,4.63041894679,26.6571744044,42.8456959549,0.04999,0.00249825025,0.049975,0.1,297
3.5003,0.30085,18.7367683842,0.832416208104,1.09950806156,12.43,19.7033516758,1.04042021011,2.3537066294,13.25,4.47551705868,19.4002449604,35.0267531253,0.04999,0.00249825025,0.049975,0.1,298
3.5003,0.4008,15.2463231616,0.764982491246,0.979119760727,10.13,18.4945472736,0.873836918459,2.06530816275,12.31,4.1525946006,14.3267654859,28.2610681372,0.04999,0.00249825025,0.049975,0.1,299
3.5003,0.50075,11.8332166083,0.931265632816,0.879062007422,7.78,14.8962481241,0.921460730365,1.91007047989,9.88,4.06071479639,11.3836000827,23.4635279403,0.04999,0.00249825025,0.049975,0.1,300
3.5003,0.6007,10.3354677339,0.884842421211,0.876953273951,6.71,12.8307153577,0.83731865933,1.9887416667,8.48,4.44397341159,10.5071493595,22.0432983566,0.04999,0.00249825025,0.049975,0.1,301
3.5003,0.70065,8.45512756378,0.929464732366,0.746543933041,5.42,10.6089044522,1.03811905953,1.62644433635,6.87,4.01601227061,8.20774231179,18.2310539323,0.04999,0.00249825025,0.049975,0.1,302
3.5003,0.8006,7.26523261631,0.874637318659,0.683913085381,4.61,9.10285142571,0.953776888444,1.53773328272,5.86,3.87298814386,7.21074203183,16.3276145939,0.04999,0.00249825025,0.049975,0.1,303
3.5003,0.90055,6.71565782891,0.83771885943,0.685161589957,4.29,8.2332166083,0.939469734867,1.4498359624,5.21,3.9675697065,6.59209744449,15.4063568554,0.04999,0.00249825025,0.049975,0.1,304
3.5003,1.0005,5.85882941471,0.917058529265,0.592502438905,3.56,7.48884442221,0.747573786893,1.45962159793,4.8,4.15532326295,6.10336190488,14.6392053062,0.04999,0.00249825025,0.049975,0.1,305
3.5003,1.10045,5.33576788394,0.820710355178,0.571091627434,3.28,6.57848924462,0.788094047024,1.36133592689,4.14,4.04747900544,5.53460522409,13.5550799087,0.04999,0.00249825025,0.049975,0.1,306
3.5003,1.2004,4.8324162081,0.959579789895,0.510375386254,2.89,6.11635817909,0.871135567784,1.2904476675,3.81,4.14607274762,5.12297006532,13.0346265218,0.04999,0.00249825025,0.049975,0.1,307
3.5003,1.30035,4.39779889945,0.891445722861,0.449478928927,2.56,5.54247123562,0.91895947974,1.21855153002,3.42,4.10459639949,4.66339932136,12.2365257635,0.04999,0.00249825025,0.049975,0.1,308
3.5003,1.4003,4.19529764882,0.899849924962,0.438465141533,2.44,5.18909454727,0.838419209605,1.13896637465,3.15,4.13684724818,4.43911310719,11.8566197185,0.04999,0.00249825025,0.049975,0.1,309
3.5003,1.50025,3.9887943972,0.912856428214,0.443380495359,2.28,5.03101550775,0.792096048024,1.11789545298,3.0,4.39485635358,4.51119927882,12.0748079387,0.04999,0.00249825025,0.049975,0.1,310
3.5003,1.6002,3.55807903952,0.903151575788,0.400203949227,1.89,4.60140070035,0.830115057529,1.12136192719,2.7,4.67642196231,4.43774093805,12.057282785,0.04999,0.00249825025,0.049975,0.1,311
3.5003,1.70015,3.33946973487,0.930865432716,0.342410818983,1.79,4.13176588294,0.906253126563,0.941684390603,2.34,4.13676522503,3.78025272493,10.6623540367,0.04999,0.00249825025,0.049975,0.1,312
3.5003,1.8001,3.3663831916,0.932566283142,0.349916803745,1.82,4.10575287644,0.866033016508,0.981165322338,2.32,4.41336019322,3.88391706616,11.0424696429,0.04999,0.00249825025,0.049975,0.1,313
3.5003,1.90005,3.17378689345,0.936568284142,0.322377424946,1.7,3.87873936968,0.836018009005,0.907514444328,2.17,4.46581619894,3.71917761583,10.7915264401,0.04999,0.00249825025,0.049975,0.1,314
3.5003,2.0,2.93216608304,1.04202101051,0.27030824245,1.45,3.72176088044,0.826813406703,0.881706698289,2.08,4.52864569958,3.59220662057,10.6341247153,0.04999,0.001249125125,0.0249875,0.1,315
3.75025,0.001,19.9947973987,0.990895447724,1.21562492842,13.9,20.0,0.838219109555,2.64944168996,13.84,4.56060012417,57.6997996543,73.9691769191,0.04999,0.001274120125,0.0254875,0.1,316
3.75025,0.10095,19.9939969985,0.972886443222,1.25473243244,13.9,19.9990995498,1.27013506753,2.73277068451,13.82,4.90904894427,40.46187354,57.2463991024,0.04999,0.00249825025,0.049975,0.1,317
3.75025,0.2009,19.9565782891,0.895347673837,1.18260804905,13.83,19.9927963982,0.908154077039,2.59182793892,13.82,4.89012958314,28.0999537098,44.6516575546,0.04999,0.00249825025,0.049975,0.1,318
3.75025,0.30085,18.8416208104,0.856728364182,1.01809958355,12.96,19.7556778389,0.769284642321,2.24416978228,13.6,4.4296865146,19.0750805186,34.6248753631,0.04999,0.00249825025,0.049975,0.1,319
3.75025,0.4008,15.3528764382,0.850925462731,0.975129711377,10.45,18.7686843422,0.844322161081,2.17377103484,12.84,4.56165632221,15.3502647249,29.8800793925,0.04999,0.00249825025,0.049975,0.1,320
3.75025,0.50075,12.4272136068,0.855327663832,0.937044705202,8.34,15.5165582791,1.01220610305,2.18298752015,10.63,4.76645991039,13.2021973161,26.4191616849,0.04999,0.00249825025,0.049975,0.1,321
3.75025,0.6007,10.0821410705,0.731565782891,0.865030330895,6.77,12.6868434217,1.00660330165,1.89793272071,8.54,4.43175159757,10.5705203411,22.0038916026,0.04999,0.00249825025,0.049975,0.1,322
3.75025,0.70065,8.56928464232,0.827713856928,0.782753020799,5.7,10.8223111556,1.07753876938,1.69825421128,7.24,4.25157850505,8.86182087156,19.2424391684,0.04999,0.00249825025,0.049975,0.1,323
3.75025,0.8006,7.16138069035,0.75807903952,0.704254574875,4.71,9.16258129065,0.910855427714,1.54124807974,6.06,4.04321926825,7.51920105347,16.7733614091,0.04999,0.00249825025,0.049975,0.1,324
3.75025,0.90055,6.36228114057,0.897348674337,0.602269993717,4.08,8.08424212106,0.760780390195,1.48479240014,5.38,4.04079837301,6.58821274708,15.3204833668,0.04999,0.00249825025,0.049975,0.1,325
3.75025,1.0005,5.95647823912,0.83811905953,0.656471474342,3.8,7.5835917959,0.942571285643,1.56865926887,4.95,4.50508117377,6.71600517981,15.7520234179,0.04999,0.00249825025,0.049975,0.1,326
3.75025,1.10045,5.40890445223,0.793896948474,0.588447404234,3.42,6.70135067534,0.841220610305,1.38923567307,4.28,4.39969359194,6.02472156832,14.4782338337,0.04999,0.00249825025,0.049975,0.1,327
3.75025,1.2004,4.79309654827,0.933666833417,0.553887507596,2.99,6.10285142571,0.746773386693,1.29552699101,3.91,4.20954136144,5.3693627559,13.3113633076,0.04999,0.00249825025,0.049975,0.1,328
3.75025,1.30035,4.48484242121,0.824312156078,0.530892759208,2.7,5.80010005003,0.851225612806,1.2473607855,3.63,4.47928056057,5.34807167428,13.3743397818,0.04999,0.00249825025,0.049975,0.1,329
3.75025,1.4003,4.22221110555,0.977788894447,0.447187003617,2.47,5.23941970985,0.677138569285,1.3641139157,3.36,4.79884654625,4.98540146326,13.1295034288,0.04999,0.00249825025,0.049975,0.1,330
3.75025,1.50025,3.85192596298,0.877938969485,0.417317557593,2.26,4.88844422211,0.851525762881,1.12361798885,3.03,4.35509472784,4.453678787,11.9254927595,0.04999,0.00249825025,0.049975,0.1,331
3.75025,1.6002,3.58059029515,0.950075037519,0.383210970843,1.99,4.67083541771,0.821510755378,1.13554068451,2.88,4.63423784517,4.40945765087,12.0388125347,0.04999,0.00249825025,0.049975,0.1,332
3.75025,1.70015,3.39669834917,0.933166583292,0.363420409254,1.82,4.25512756378,0.732566283142,1.18948053855,2.55,5.06283777752,4.42405815265,12.2968844847,0.04999,0.00249825025,0.049975,0.1,333
3.75025,1.8001,3.22291145573,0.878939469735,0.337077248247,1.75,3.9795897949,0.766383191596,0.959013034779,2.29,4.51154085263,4.00820328262,11.143477074,0.04999,0.00249825025,0.049975,0.1,334
3.75025,1.90005,3.07533766883,0.943071535768,0.323369374117,1.69,3.85832916458,0.898449224612,0.846929526252,2.18,4.2994099234,3.68998736009,10.5802379364,0.04999,0.00249825025,0.049975,0.1,335
3.75025,2.0,3.01190595298,1.008004002,0.266310230865,1.53,3.7783891946,0.729864932466,1.03181489179,2.23,5.21459734879,3.91013720637,11.6758452794,0.04999,0.001249125125,0.0249875,0.1,336
4.0002,0.001,19.9995997999,0.938269134567,1.23376979917,14.09,19.9995997999,1.0264132066,2.75874653473,14.25,4.93713192158,62.7249979783,79.494993017,0.04999,0.001274120125,0.0254875,0.1,337
4.0002,0.10095,19.9882941471,0.684142071036,1.22668697382,14.1,19.9989994997,1.14837418709,2.73763120864,14.36,5.11409631127,42.1450787498,59.047782858,0.04999,0.00249825025,0.049975,0.1,338
4.0002,0.2009,19.7649824912,0.696648324162,1.10323815301,13.9,19.9815907954,0.906453226613,2.45959584685,14.24,4.8142977748,27.8474794221,44.2007829224,0.04999,0.00249825025,0.049975,0.1,339
4.0002,0.30085,19.0543271636,0.734967483742,1.11723883792,13.39,19.8456228114,1.31485742871,2.48406580525,14.02,5.12690264946,22.0969650597,38.6959203742,0.04999,0.00249825025,0.049975,0.1,340
4.0002,0.4008,15.7702851426,0.835117558779,1.05472202313,11.03,18.952176088,1.11095547774,2.40689089916,13.33,5.20829632047,17.5534439131,33.0941728762,0.04999,0.00249825025,0.049975,0.1,341
4.0002,0.50075,12.0749374687,1.01140570285,0.914203836224,8.39,15.2737368684,0.737068534267,2.10848210801,10.7,4.75827345037,13.3452732828,26.3802393708,0.04999,0.00249825025,0.049975,0.1,342
4.0002,0.6007,10.0786393197,0.843621810905,0.86323410396,6.92,12.7579789895,0.970885442721,1.96798328488,8.82,4.72703220711,11.3450507586,23.1628159567,0.04999,0.00249825025,0.049975,0.1,343
4.0002,0.70065,8.47253626813,0.790895447724,0.761376889702,5.73,10.7156578289,0.769284642321,1.80901547492,7.38,4.55551453397,9.4017398623,19.9660128753,0.04999,0.00249825025,0.049975,0.1,344
4.0002,0.8006,7.63151575788,0.768084042021,0.775203024934,5.2,9.58629314657,0.805402701351,1.75856998841,6.53,4.67034912525,8.66673155581,18.8408889887,0.04999,0.00249825025,0.049975,0.1,345
4.0002,0.90055,6.69794897449,0.895147573787,0.71187657396,4.43,8.53946973487,0.72376188094,1.77646633143,5.83,4.90867976534,7.93614051517,17.8432570029,0.04999,0.00249825025,0.049975,0.1,346
4.0002,1.0005,5.76938469235,0.87783891946,0.600475170548,3.76,7.3859929965,0.780390195098,1.44737922246,4.96,4.38993223735,6.48838343176,15.2448670741,0.04999,0.00249825025,0.049975,0.1,347
4.0002,1.10045,5.61510755378,0.935167583792,0.643145687416,3.64,7.08894447224,0.784692346173,1.56790638667,4.74,5.02270411328,6.79347174036,16.1276513053,0.04999,0.00249825025,0.049975,0.1,348
4.0002,1.2004,4.84222111056,0.899649824912,0.529563712166,3.07,6.15277638819,0.826813406703,1.35663624808,4.03,4.52502717931,5.62916464055,13.9463828997,0.04999,0.00249825025,0.049975,0.1,349
4.0002,1.30035,4.31055527764,0.908154077039,0.492635966069,2.66,5.74167083542,0.792496248124,1.29596616471,3.78,4.54017461775,5.21931967781,13.279358108,0.04999,0.00249825025,0.049975,0.1,350
4.0002,1.4003,4.28674337169,0.836818409205,0.485210770611,2.64,5.27913956978,0.814607303652,1.30613957698,3.41,4.82950598458,5.19786278032,13.4042427931,0.04999,0.00249825025,0.049975,0.1,351
4.0002,1.50025,3.98049024512,0.913656828414,0.444576430283,2.39,5.08824412206,0.881140570285,1.28146620675,3.29,4.9641127192,4.98243641612,13.2269955445,0.04999,0.00249825025,0.049975,0.1,352
4.0002,1.6002,3.46453226613,0.970085042521,0.384919762018,2.04,4.58229114557,0.80220110055,1.0627221865,2.92,4.45831820896,4.3062344125,11.7081283002,0.04999,0.00249825025,0.049975,0.1,353
4.0002,1.70015,3.29554777389,0.808804402201,0.382952206709,1.87,4.35497748874,0.966883441721,1.01351669671,2.64,4.66116732138,4.29623733721,11.7754459619,0.04999,0.00249825025,0.049975,0.1,354
4.0002,1.8001,3.24052026013,0.87803901951,0.336685251237,1.8,4.00070035018,0.782791395698,1.09902682613,2.41,4.97703772087,4.16826339933,11.8299295539,0.04999,0.00249825025,0.049975,0.1,355
4.0002,1.90005,3.08144072036,0.913156578289,0.335063616327,1.7,3.89994997499,0.671435717859,1.08599156759,2.36,5.31611686021,4.28008829366,12.1882522133,0.04999,0.00249825025,0.049975,0.1,356
4.0002,2.0,2.91735867934,0.918459229615,0.292627785298,1.6,3.73656828414,0.807503751876,0.861003376736,2.2,4.68292768862,3.705431324,10.875180882,0.04999,0.001249125125,0.0249875,0.1,357
4.25015,0.001,19.9991995998,0.715957978989,1.20005280037,14.58,20.0,0.616708354177,2.74969455512,14.61,5.10235582615,64.6220644036,81.401303715,0.04999,0.001274120125,0.0254875,0.1,358
4.25015,0.10095,19.9402701351,1.04902451226,1.2458556612,14.46,19.9994997499,0.951675837919,2.8696677516,14.57,5.53646071464,45.5936067743,63.046879359,0.04999,0.00249825025,0.049975,0.1,359
4.25015,0.2009,19.2172086043,0.805202601301,1.01455911702,13.93,19.7515757879,0.858629314657,2.32051972377,14.31,4.69252004441,27.1842966552,43.2312616192,0.04999,0.00249825025,0.049975,0.1,360
4.25015,0.30085,18.5869934967,0.761180590295,1.00689485708,13.39,19.7619809905,1.26003001501,2.30657297402,14.26,4.90558989251,21.1741881939,37.378599887,0.04999,0.00249825025,0.049975,0.1,361
4.25015,0.4008,15.4834417209,1.05782891446,1.02485504083,11.08,18.903951976,0.901250625313,2.39208815242,13.67,5.34564152492,18.0406415702,33.6748702999,0.04999,0.00249825025,0.049975,0.1,362
4.25015,0.50075,12.0809404702,0.800700350175,0.910604260006,8.56,15.3544772386,0.910355177589,2.16787207618,11.02,5.07281370178,14.0970310075,27.5030530238,0.04999,0.00249825025,0.049975,0.1,363
4.25015,0.6007,10.0673336668,0.815107553777,0.84590316603,7.09,12.8829414707,0.818209104552,2.03991423934,9.22,4.95581091166,11.6695659477,23.735940509,0.04999,0.00249825025,0.049975,0.1,364
4.25015,0.70065,8.68674337169,0.775187593797,0.809961822522,6.07,10.9937968984,0.962381190595,1.95164256714,7.77,5.05192629543,10.3480628747,21.670303301,0.04999,0.00249825025,0.049975,0.1,365
4.25015,0.8006,7.42511255628,0.814707353677,0.746601157866,5.14,9.46263131566,0.754077038519,1.83844386637,6.65,4.97167981213,9.0713973948,19.496738445,0.04999,0.00249825025,0.049975,0.1,366
4.25015,0.90055,6.46603301651,0.929064532266,0.658515381919,4.37,8.34717358679,0.748474237119,1.69199253269,5.87,4.90482447258,7.83327191448,17.6352365839,0.04999,0.00249825025,0.049975,0.1,367
4.25015,1.0005,6.12246123062,0.775087543772,0.689941186744,4.16,7.65192596298,0.810605302651,1.72383276497,5.3,5.32305188392,7.7423699481,17.6799993485,0.04999,0.00249825025,0.049975,0.1,368
4.25015,1.10045,5.48394197099,0.797698849425,0.627893423987,3.66,6.96768384192,0.852726363182,1.57501818045,4.74,5.14216944952,6.91022623686,16.2897443338,0.04999,0.00249825025,0.049975,0.1,369
4.25015,1.2004,4.8284142071,0.910655327664,0.554504333944,3.14,6.13336668334,0.754377188594,1.46897051474,4.15,4.96192761405,6.19319400554,14.9691265794,0.04999,0.00249825025,0.049975,0.1,370
4.25015,1.30035,4.36228114057,0.731765882941,0.521696414505,2.83,5.75047523762,0.92376188094,1.31134160886,3.84,4.73807566928,5.51025242245,13.7940583843,0.04999,0.00249825025,0.049975,0.1,371
4.25015,1.4003,4.19779889945,0.810605302651,0.493817502073,2.66,5.28834417209,0.792596298149,1.29490584404,3.49,4.9145326318,5.29850587005,13.5649254094,0.04999,0.00249825025,0.049975,0.1,372
4.25015,1.50025,3.93336668334,0.849624812406,0.429424440707,2.45,4.89284642321,0.71975987994,1.29135106543,3.2,5.04047548868,4.99343698731,13.1870925892,0.04999,0.00249825025,0.049975,0.1,373
4.25015,1.6002,3.61580790395,0.80380190095,0.42968744105,2.23,4.767983992,0.793596798399,1.18965040322,3.11,5.08901526426,4.82193714711,12.9357807155,0.04999,0.00249825025,0.049975,0.1,374
4.25015,1.70015,3.28474237119,0.850025012506,0.394452972722,1.95,4.42971485743,0.706553276638,1.19828602437,2.9,5.18385541952,4.66011851328,12.6769864806,0.04999,0.00249825025,0.049975,0.1,375
4.25015,1.8001,3.26093046523,0.943071535768,0.342295123894,1.85,4.08844422211,0.664432216108,1.2142985004,2.6,5.54068325044,4.50622158741,12.7840704577,0.04999,0.00249825025,0.049975,0.1,376
4.25015,1.90005,3.14337168584,0.886943471736,0.337819143056,1.78,3.89434717359,0.753076538269,1.11626950763,2.39,5.48161965557,4.4565536739,12.5766818315,0.04999,0.00249825025,0.049975,0.1,377
4.25015,2.0,2.89924962481,0.911755877939,0.280457303497,1.6,3.69734867434,0.780190095048,0.998695386689,2.28,5.09657223679,3.90774789661,11.5058714952,0.04999,0.001249125125,0.0249875,0.1,378
4.5001,0.001,19.9996998499,0.644822411206,1.22635217934,14.96,19.9997998999,0.788494247124,2.87587716862,14.93,5.52043363176,69.8796961574,87.2025900648,0.04999,0.001274120125,0.0254875,0.1,379
4.5001,0.10095,19.9990995498,1.01210605303,1.25120834756,14.95,19.9994997499,1.0336168084,2.94354208155,14.91,5.87599163151,48.3087774577,66.2120072538,0.04999,0.00249825025,0.049975,0.1,380
4.5001,0.2009,19.7067533767,0.726163081541,1.0966585694,14.67,19.9699849925,1.23411705853,2.57176926138,14.85,5.36665495995,30.9552201015,48.0985256371,0.04999,0.00249825025,0.049975,0.1,381
4.5001,0.30085,18.4237118559,0.867833916958,0.982950045547,13.59,19.7235617809,0.844822411206,2.39735025647,14.66,5.17161853286,22.1215834541,38.5116941557,0.04999,0.00249825025,0.049975,0.1,382
4.5001,0.4008,15.1150575288,0.866233116558,0.973383313207,11.08,18.6987493747,0.779889944972,2.3309829774,13.76,5.32888960207,18.0361301947,33.413349668,0.04999,0.00249825025,0.049975,0.1,383
4.5001,0.50075,11.935867934,0.680340170085,0.910677041217,8.72,15.4122061031,0.730765382691,2.12235463778,11.28,5.09141723412,14.4114756206,27.7395956379,0.04999,0.00249825025,0.049975,0.1,384
4.5001,0.6007,9.64282141071,0.770285142571,0.787508246785,7.01,12.4420210105,0.868034017009,1.86770403714,9.06,4.73808583243,11.1808801376,22.781997758,0.04999,0.00249825025,0.049975,0.1,385
4.5001,0.70065,8.65812906453,0.750575287644,0.815430915321,6.25,11.0728364182,0.797298649325,1.94318214463,8.02,5.18497344972,10.6805728913,22.1150429892,0.04999,0.00249825025,0.049975,0.1,386
4.5001,0.8006,7.26413206603,0.838419209605,0.721968491036,5.16,9.39109554777,0.851325662831,1.7908473631,6.75,4.98077712079,9.01720360568,19.4366323497,0.04999,0.00249825025,0.049975,0.1,387
4.5001,0.90055,6.59589794897,0.787793896948,0.697644031004,4.57,8.50715357679,0.615907953977,1.87268106058,6.14,5.4941082718,8.69724355414,19.1462901748,0.04999,0.00249825025,0.049975,0.1,388
4.5001,1.0005,5.90935467734,0.810205102551,0.6555769367,4.07,7.59659829915,0.63911955978,1.69869048347,5.42,5.18669041933,7.69309162528,17.3826477157,0.04999,0.00249825025,0.049975,0.1,389
4.5001,1.10045,5.35747873937,0.84112056028,0.60329293108,3.63,7.0288144072,0.744072036018,1.62617051861,5.0,5.27340100732,7.05381293096,16.554082116,0.04999,0.00249825025,0.049975,0.1,390
4.5001,1.2004,4.85682841421,0.775387693847,0.568856197007,3.28,6.19739869935,0.850625312656,1.44325926629,4.28,5.11800229717,6.35110010036,15.3065194831,0.04999,0.00249825025,0.049975,0.1,391
4.5001,1.30035,4.25172586293,0.733766883442,0.493314235006,2.85,5.53406703352,0.814107053527,1.34166720833,3.77,4.95978964054,5.55548333198,13.9563656609,0.04999,0.00249825025,0.049975,0.1,392
4.5001,1.4003,4.09564782391,0.725362681341,0.485368583592,2.7,5.36978489245,0.793496748374,1.27364659267,3.66,4.92833690036,5.36921768828,13.6259121718,0.04999,0.00249825025,0.049975,0.1,393
4.5001,1.50025,3.97388694347,0.804602301151,0.46612463076,2.55,4.9751875938,0.780990495248,1.32628901784,3.31,5.42604503082,5.44244578186,14.0857092952,0.04999,0.00249825025,0.049975,0.1,394
4.5001,1.6002,3.75107553777,0.843821910955,0.448503687322,2.4,4.81170585293,0.784092046023,1.34036780569,3.23,5.69283088533,5.26393617745,14.0922561229,0.04999,0.00249825025,0.049975,0.1,395
4.5001,1.70015,3.420010005,0.791595797899,0.417482262131,2.09,4.5891945973,0.661830915458,1.3133122122,3.08,5.7746540965,5.09777178207,13.7891332964,0.04999,0.00249825025,0.049975,0.1,396
4.5001,1.8001,3.09364682341,0.801500750375,0.345778289981,1.84,3.9907953977,0.716858429215,1.11224082764,2.6,5.16256044997,4.32121372976,12.1128255914,0.04999,0.00249825025,0.049975,0.1,397
4.5001,1.90005,3.0112056028,0.888144072036,0.313725448998,1.73,3.81390695348,0.735167583792,1.09183152116,2.44,5.46992552676,4.30732244347,12.3555328401,0.04999,0.00249825025,0.049975,0.1,398
4.5001,2.0,2.91245622811,0.919059529765,0.309598431864,1.68,3.72136068034,0.692746373187,0.996428769131,2.35,5.30691889546,4.12549780138,11.9329555131,0.04999,0.001249125125,0.0249875,0.1,399
4.75005,0.001,19.9988994497,0.894647323662,1.27697203074,15.05,19.99989995,1.09464732366,3.06177026407,15.4,6.0675784146,77.1964829737,95.35391275,0.04999,0.001274120125,0.0254875,0.1,400
4.75005,0.10095,19.9295647824,0.907753876938,1.23105986824,15.02,19.9986993497,1.57188594297,2.96369904503,15.39,6.12144042526,50.3215307368,68.6430910926,0.04999,0.00249825025,0.049975,0.1,401
4.75005,0.2009,19.7636818409,1.00830415208,1.07414671328,14.93,19.9289644822,1.12526263132,2.58081662612,15.22,5.53006021318,31.8869608753,49.299710885,0.04999,0.00249825025,0.049975,0.1,402
4.75005,0.30085,18.2968484242,0.676938469235,1.00963340348,13.81,19.4709354677,1.15397698849,2.44322136288,14.8,5.48703924518,23.53633698,40.2512210785,0.04999,0.00249825025,0.049975,0.1,403
4.75005,0.4008,15.2042021011,0.595797898949,0.968942773796,11.49,18.6992496248,0.906053026513,2.33449337155,14.07,5.46896199012,18.5476195089,34.0899017018,0.04999,0.00249825025,0.049975,0.1,404
4.75005,0.50075,11.823911956,0.7967983992,0.870404125099,8.84,15.3345672836,0.662531265633,2.13423654886,11.55,5.21687440916,14.6008603669,28.0554955526,0.04999,0.00249825025,0.049975,0.1,405
4.75005,0.6007,9.71175587794,0.775787893947,0.805202751813,7.21,12.5660830415,1.01540770385,1.91948518039,9.35,5.04714243145,11.9805115063,24.0353050578,0.04999,0.00249825025,0.049975,0.1,406
4.75005,0.70065,8.5647823912,0.791995997999,0.823845100696,6.28,11.1251625813,0.948374187094,1.98254390664,8.2,5.54296860499,11.3296319874,23.2061563876,0.04999,0.00249825025,0.049975,0.1,407
4.75005,0.8006,7.28264132066,0.728664332166,0.730360139659,5.27,9.44592296148,0.836818409205,1.8504252783,6.96,5.29558713712,9.47317790826,20.2222710675,0.04999,0.00249825025,0.049975,0.1,408
4.75005,0.90055,6.767983992,0.698649324662,0.749103472078,4.89,8.71275637819,0.854227113557,1.8885219165,6.38,5.76980240035,9.21476394843,20.1246693263,0.04999,0.00249825025,0.049975,0.1,409
4.75005,1.0005,6.01180590295,0.728464232116,0.67950996925,4.31,7.68224112056,0.898249124562,1.76990416062,5.56,5.61915381523,8.20805556504,18.4798408722,0.04999,0.00249825025,0.049975,0.1,410
4.75005,1.10045,5.01550775388,0.723661830915,0.574675733123,3.5,6.70395197599,0.873736868434,1.49322729738,4.83,4.98843548053,6.64235491368,15.6648935617,0.04999,0.00249825025,0.049975,0.1,411
4.75005,1.2004,4.89054527264,0.931865932966,0.568534985151,3.37,6.30835417709,0.706353176588,1.57591738536,4.54,5.46295251731,6.78403609847,16.1774161733,0.04999,0.00249825025,0.049975,0.1,412
4.75005,1.30035,4.4184092046,0.7991995998,0.502527230877,2.95,5.80630315158,0.905252626313,1.37354689352,4.08,5.29380623888,6.04238851125,14.9590757253,0.04999,0.00249825025,0.049975,0.1,413
4.75005,1.4003,4.17348674337,0.757978989495,0.522090999539,2.77,5.56018009005,0.692946473237,1.50475432478,3.93,5.79748209796,6.1161386979,15.3660919299,0.04999,0.00249825025,0.049975,0.1,414
4.75005,1.50025,3.93446723362,0.774387193597,0.464905536504,2.58,4.99969984992,0.698249124562,1.36007260928,3.42,5.58290013646,5.6097896085,14.3881849324,0.04999,0.00249825025,0.049975,0.1,415
4.75005,1.6002,3.63311655828,0.823111555778,0.425145428743,2.35,4.67883941971,0.808304152076,1.2607474918,3.18,5.51125326977,5.19271708403,13.7570246309,0.04999,0.00249825025,0.049975,0.1,416
4.75005,1.70015,3.35727863932,0.840420210105,0.386661571712,2.1,4.50145072536,0.833116558279,1.30176399625,3.11,5.67377364192,4.90133411387,13.5275748409,0.04999,0.00249825025,0.049975,0.1,417
4.75005,1.8001,2.99749874937,0.852926463232,0.371664072517,1.83,4.15807903952,0.699949974987,1.16534621694,2.84,5.24969433226,4.54507152494,12.486990236,0.04999,0.00249825025,0.049975,0.1,418
4.75005,1.90005,2.93456728364,0.84172086043,0.333514852421,1.74,3.75077538769,0.695447723862,1.11318315201,2.42,5.55497525273,4.48069352324,12.5668013394,0.04999,0.00249825025,0.049975,0.1,419
4.75005,2.0,2.89684842421,0.860330165083,0.303616115188,1.7,3.66073036518,0.835617808904,1.07781750482,2.36,5.52970383955,4.20864652891,12.272848215,0.04999,0.001249125125,0.0249875,0.1,420
5.0,0.001,19.9984992496,0.75647823912,1.19463914408,15.64,20.0,0.962581290645,2.92592883804,15.47,5.9747269908,75.4934275617,93.4640931643,0.024995,0.0006370600625,0.0254875,0.1,421
5.0,0.10095,19.9224612306,0.610805402701,1.21426908452,15.57,19.9988994497,1.27513756878,2.96681232125,15.47,6.30618362991,51.6989276691,70.0509937514,0.024995,0.001249125125,0.049975,0.1,422
5.0,0.2009,19.6889444722,0.947673836918,1.07455526491,15.2,19.9477738869,0.962381190595,2.65213568304,15.54,5.84351609931,33.5614504242,51.2652833262,0.024995,0.001249125125,0.049975,0.1,423
5.0,0.30085,18.7389694847,0.745272636318,1.07210744177,14.42,19.8420210105,0.87963981991,2.64386505616,15.35,6.12066133489,26.1530168516,43.7505068954,0.024995,0.001249125125,0.049975,0.1,424
5.0,0.4008,15.3233616808,0.724762381191,1.01797455627,11.76,18.9213606803,0.902551275638,2.52943745509,14.61,6.19178952435,20.7089725297,37.2074589532,0.024995,0.001249125125,0.049975,0.1,425
5.0,0.50075,11.9843921961,0.68084042021,0.920063542016,9.17,15.4947473737,0.874937468734,2.24359276742,11.86,5.72738642569,15.8995777511,30.0499911055,0.024995,0.001249125125,0.049975,0.1,426
5.0,0.6007,9.76898449225,0.72296148074,0.839879366412,7.36,12.7829914957,0.795397698849,2.13390619428,9.81,5.61891834539,13.1823459597,25.8819948501,0.024995,0.001249125125,0.049975,0.1,427
5.0,0.70065,8.22421210605,0.757978989495,0.756172289622,6.12,10.8626313157,0.963381690845,1.99514096893,8.3,5.51224403511,11.1238248042,22.8242835009,0.024995,0.001249125125,0.049975,0.1,428
5.0,0.8006,7.29734867434,0.861830915458,0.745546322941,5.43,9.58859429715,0.878739369685,1.89053060777,7.24,5.53976265016,9.97640936389,21.1071853207,0.024995,0.001249125125,0.049975,0.1,429
5.0,0.90055,6.53426713357,0.726663331666,0.67851107915,4.82,8.51265632816,0.748774387194,1.7381437207,6.35,5.46440341388,8.77431352342,19.2033086718,0.024995,0.001249125125,0.049975,0.1,430
5.0,1.0005,5.91575787894,0.770085042521,0.692882270925,4.31,7.72356178089,0.942571285643,1.81165394556,5.72,5.91918146447,8.56535439798,19.1809577528,0.024995,0.001249125125,0.049975,0.1,431
5.0,1.10045,5.22131065533,0.783491745873,0.615860996302,3.73,6.80410205103,0.933766883442,1.696860271,4.99,5.77208840966,7.56130692673,17.5598469684,0.024995,0.001249125125,0.049975,0.1,432
5.0,1.2004,4.79579789895,0.766883441721,0.56766502726,3.35,6.367983992,0.88344172086,1.55950193361,4.67,5.6654309461,6.89575793695,16.4927684659,0.024995,0.001249125125,0.049975,0.1,433
5.0,1.30035,4.4268134067,0.763381690845,0.511895702802,3.07,5.73766883442,0.736168084042,1.4248775771,4.15,5.45751844598,6.23585697152,15.265699726,0.024995,0.001249125125,0.049975,0.1,434
5.0,1.4003,4.04722361181,0.826013006503,0.498141476636,2.75,5.45652826413,0.791395697849,1.40084191499,3.94,5.58095603594,5.91079269404,14.9209965725,0.024995,0.001249125125,0.049975,0.1,435
5.0,1.50025,3.96548274137,0.825912956478,0.486319072425,2.68,5.07333666833,0.703351675838,1.4649546228,3.58,6.20202834505,6.03755407631,15.5264580661,0.024995,0.001249125125,0.049975,0.1,436
5.0,1.6002,3.70175087544,0.728864432216,0.465553110796,2.53,4.64512256128,0.672436218109,1.37466670784,3.23,5.81501741523,5.53303138084,14.3876555779,0.024995,0.001249125125,0.049975,0.1,437
5.0,1.70015,3.26093046523,0.699149574787,0.397943276134,2.19,4.34057028514,0.823211605803,1.07205278562,2.96,4.95279085066,4.64491313173,12.3891107209,0.024995,0.001249125125,0.049975,0.1,438
5.0,1.8001,2.99949974987,0.879339669835,0.34951649593,1.81,4.1823911956,0.640820410205,1.17580067806,2.93,5.73810324896,4.78085086244,13.2079970053,0.024995,0.001249125125,0.049975,0.1,439
5.0,1.90005,3.0068034017,0.858029014507,0.342149504122,1.82,3.91675837919,0.720260130065,1.13286060591,2.63,5.83155314848,4.68040986749,13.1338319735,0.024995,0.001249125125,0.049975,0.1,440
5.0,2.0,2.9695847924,0.813906953477,0.337830400405,1.84,3.72966483242,0.72396198099,1.19028880784,2.47,6.22988536962,4.67626746132,13.4721939977,0.024995,0.0006245625625,0.0249875,0.1,441
